Actual_input_valve_status,Actual_input_valve_mode,Actual_tank_level_value,Actual_tank_level_min,Actual_tank_level_max,Actual_tank_output_valve_status,Actual_tank_output_valve_mode,Actual_tank_output_flow_value,Actual_belt_engine_status,Actual_belt_engine_mode,Actual_bottle_level_value,Actual_bottle_level_max,Actual_bottle_distance_to_filler_value,Action,Reward,New_input_valve_status,New_input_valve_mode,New_tank_level_value,New_tank_level_min,New_tank_level_max,New_tank_output_valve_status,New_tank_output_valve_mode,New_tank_output_flow_value,New_belt_engine_status,New_belt_engine_mode,New_bottle_level_value,New_bottle_level_max,New_bottle_distance_to_filler_value
1.0,3.0,5.8,3.0,7.0,0.0,3.0,0.0,0.0,3.0,0.0,1.8,1.0,11,9,1.0,3.0,6.81,3.0,7.0,0.0,3.0,0.0,0.0,3.0,2.0,1.8,1.0
1.0,3.0,5.8,3.0,7.0,0.0,3.0,0.0,0.0,3.0,0.0,1.8,10.0,8,-1,0.0,3.0,6.727,3.0,7.0,1.0,3.0,0.0,0.0,3.0,0.467,1.8,1.0
0.0,3.0,6.727,3.0,7.0,1.0,3.0,0.0,0.0,3.0,0.467,1.8,1.0,2,-1,0.0,3.0,6.72,3.0,7.0,1.0,3.0,0.0,0.0,3.0,0.48,1.8,1.0
0.0,3.0,6.72,3.0,7.0,1.0,3.0,0.0,0.0,3.0,0.48,1.8,1.0,2,-1,0.0,3.0,6.717,3.0,7.0,1.0,3.0,0.0,0.0,3.0,0.493,1.8,1.0
0.0,3.0,6.717,3.0,7.0,1.0,3.0,0.0,0.0,3.0,0.493,1.8,1.0,4,0,1.0,2.0,6.723,3.0,7.0,1.0,3.0,0.0,0.0,3.0,0.52,1.8,1.0
1.0,2.0,6.723,3.0,7.0,1.0,3.0,0.0,0.0,3.0,0.52,1.8,1.0,1,9,1.0,2.0,9.053,3.0,7.0,1.0,3.0,0.0,1.0,2.0,0.0,1.8,18.0
1.0,3.0,5.803,3.0,7.0,0.0,3.0,0.0,0.0,3.0,0.0,1.8,1.0,11,9,1.0,3.0,6.823,3.0,7.0,0.0,3.0,0.0,0.0,3.0,2.0,1.8,1.0
1.0,3.0,5.91,3.0,7.0,1.0,3.0,0.0,0.0,3.0,0.413,1.8,1.0,5,-1,1.0,3.0,5.913,3.0,7.0,1.0,3.0,0.0,0.0,3.0,0.427,1.8,1.0
1.0,3.0,5.913,3.0,7.0,1.0,3.0,0.0,0.0,3.0,0.427,1.8,1.0,10,-1,1.0,3.0,5.917,3.0,7.0,1.0,3.0,0.0,0.0,3.0,0.44,1.8,1.0
1.0,3.0,5.917,3.0,7.0,1.0,3.0,0.0,0.0,3.0,0.44,1.8,1.0,11,9,1.0,3.0,7.137,4.0,8.0,0.0,3.0,0.0,0.0,1.0,2.0,1.8,1.0
1.0,3.0,5.8,3.0,7.0,0.0,3.0,0.0,0.0,3.0,0.0,1.8,1.0,5,-1,0.0,3.0,5.657,3.0,7.0,1.0,3.0,0.0,0.0,3.0,1.587,1.8,1.0
0.0,3.0,5.657,3.0,7.0,1.0,3.0,0.0,0.0,3.0,1.587,1.8,1.0,0,9,0.0,3.0,5.583,3.0,7.0,0.0,3.0,0.0,0.0,1.0,1.867,1.8,1.0
1.0,3.0,5.807,3.0,7.0,0.0,3.0,0.0,0.0,3.0,0.0,1.8,1.0,9,-1,1.0,3.0,5.813,3.0,7.0,0.0,3.0,0.0,0.0,3.0,0.013,1.8,1.0
1.0,3.0,5.813,3.0,7.0,0.0,3.0,0.0,0.0,3.0,0.013,1.8,1.0,10,-1,1.0,3.0,5.817,3.0,7.0,1.0,3.0,0.0,0.0,3.0,0.013,9.0,1.0
1.0,3.0,5.817,3.0,7.0,1.0,3.0,0.0,0.0,3.0,0.013,9.0,1.0,8,-1,1.0,3.0,7.037,1.0,8.0,1.0,3.0,0.0,0.0,3.0,2.0,9.0,1.0
1.0,3.0,7.037,1.0,8.0,1.0,3.0,0.0,0.0,3.0,2.0,9.0,1.0,6,-1,1.0,3.0,7.04,1.0,8.0,1.0,3.0,0.0,0.0,3.0,2.0,9.0,1.0
1.0,3.0,7.04,1.0,8.0,1.0,3.0,0.0,0.0,3.0,2.0,9.0,1.0,6,-1,1.0,3.0,7.047,1.0,8.0,0.0,1.0,0.0,0.0,3.0,2.0,9.0,1.0
1.0,3.0,7.047,1.0,8.0,0.0,1.0,0.0,0.0,3.0,2.0,9.0,1.0,0,-1,1.0,3.0,7.647,1.0,8.0,0.0,1.0,0.0,0.0,3.0,2.0,9.0,1.0
1.0,3.0,7.647,1.0,8.0,0.0,1.0,0.0,0.0,3.0,2.0,9.0,1.0,5,-1,1.0,3.0,7.653,1.0,8.0,0.0,1.0,0.0,0.0,3.0,2.0,9.0,1.0
1.0,3.0,7.653,1.0,8.0,0.0,1.0,0.0,0.0,3.0,2.0,9.0,1.0,8,9,0.0,3.0,8.02,1.0,8.0,0.0,1.0,0.0,0.0,1.0,2.0,9.0,1.0
1.0,3.0,5.8,3.0,7.0,0.0,3.0,0.0,0.0,3.0,0.0,1.8,1.0,0,-1,1.0,3.0,6.103,3.0,7.0,1.0,3.0,0.0,0.0,3.0,1.2,1.8,1.0
1.0,3.0,6.103,3.0,7.0,1.0,3.0,0.0,0.0,3.0,1.2,1.8,1.0,5,-1,1.0,3.0,6.11,3.0,7.0,1.0,3.0,0.0,0.0,1.0,1.213,1.8,1.0
1.0,3.0,6.11,3.0,7.0,1.0,3.0,0.0,0.0,1.0,1.213,1.8,1.0,5,-1,1.0,3.0,6.113,3.0,7.0,1.0,3.0,0.0,0.0,1.0,1.24,1.8,1.0
1.0,3.0,6.113,3.0,7.0,1.0,3.0,0.0,0.0,1.0,1.24,1.8,1.0,5,-1,1.0,3.0,6.117,3.0,7.0,1.0,3.0,0.0,0.0,1.0,1.24,1.8,1.0
1.0,3.0,6.117,3.0,7.0,1.0,3.0,0.0,0.0,1.0,1.24,1.8,1.0,9,-1,1.0,3.0,6.123,3.0,7.0,1.0,3.0,0.0,0.0,1.0,1.267,1.8,1.0
1.0,3.0,6.123,3.0,7.0,1.0,3.0,0.0,0.0,1.0,1.267,1.8,1.0,11,-1,0.0,3.0,6.957,3.0,7.0,1.0,3.0,0.0,0.0,1.0,2.0,8.0,1.0
0.0,3.0,6.957,3.0,7.0,1.0,3.0,0.0,0.0,1.0,2.0,8.0,1.0,11,-1,0.0,3.0,6.407,3.0,7.0,1.0,3.0,0.0,0.0,1.0,2.0,8.0,1.0
0.0,3.0,6.407,3.0,7.0,1.0,3.0,0.0,0.0,1.0,2.0,8.0,1.0,11,-1,0.0,3.0,5.893,3.0,7.0,1.0,3.0,0.0,0.0,1.0,2.0,8.0,1.0
0.0,3.0,5.893,3.0,7.0,1.0,3.0,0.0,0.0,1.0,2.0,8.0,1.0,7,-1,0.0,3.0,5.89,3.0,7.0,1.0,3.0,0.0,0.0,1.0,2.0,8.0,1.0
0.0,3.0,5.89,3.0,7.0,1.0,3.0,0.0,0.0,1.0,2.0,8.0,1.0,7,-1,0.0,1.0,5.887,3.0,7.0,1.0,3.0,0.0,0.0,1.0,2.0,8.0,1.0
1.0,3.0,5.8,3.0,7.0,1.0,3.0,0.0,0.0,3.0,0.0,1.8,1.0,9,-1,1.0,3.0,5.81,3.0,7.0,0.0,3.0,0.0,0.0,3.0,0.013,1.8,1.0
1.0,3.0,5.81,3.0,7.0,0.0,3.0,0.0,0.0,3.0,0.013,1.8,1.0,3,-1,1.0,3.0,5.817,3.0,7.0,1.0,3.0,0.0,0.0,3.0,0.013,8.0,1.0
1.0,3.0,5.817,3.0,7.0,1.0,3.0,0.0,0.0,3.0,0.013,8.0,1.0,9,-1,1.0,3.0,5.82,3.0,7.0,1.0,3.0,0.0,0.0,3.0,0.027,8.0,1.0
1.0,3.0,5.82,3.0,7.0,1.0,3.0,0.0,0.0,3.0,0.027,8.0,1.0,11,-1,1.0,3.0,6.613,3.0,7.0,1.0,2.0,0.0,0.0,3.0,2.0,8.0,1.0
1.0,3.0,6.613,3.0,7.0,1.0,2.0,0.0,0.0,3.0,2.0,8.0,1.0,3,-1,1.0,3.0,6.617,3.0,7.0,1.0,2.0,0.0,0.0,3.0,2.0,8.0,1.0
1.0,3.0,6.617,3.0,7.0,1.0,2.0,0.0,0.0,3.0,2.0,8.0,1.0,2,-1,1.0,3.0,6.62,3.0,7.0,1.0,2.0,0.0,0.0,3.0,2.0,8.0,1.0
1.0,3.0,6.62,3.0,7.0,1.0,2.0,0.0,0.0,3.0,2.0,8.0,1.0,6,-1,1.0,2.0,6.623,3.0,7.0,1.0,2.0,0.0,0.0,3.0,2.0,8.0,1.0
1.0,2.0,6.623,3.0,7.0,1.0,2.0,0.0,0.0,3.0,2.0,8.0,1.0,4,0,1.0,2.0,6.627,3.0,7.0,0.0,2.0,0.0,0.0,2.0,2.0,8.0,1.0
1.0,2.0,6.627,3.0,7.0,0.0,2.0,0.0,0.0,2.0,2.0,8.0,1.0,2,-1,1.0,2.0,6.64,3.0,7.0,0.0,1.0,0.0,0.0,2.0,2.0,8.0,1.0
1.0,2.0,6.64,3.0,7.0,0.0,1.0,0.0,0.0,2.0,2.0,8.0,1.0,10,-1,1.0,2.0,6.647,3.0,7.0,0.0,1.0,0.0,1.0,2.0,2.0,8.0,0.5
1.0,3.0,5.907,3.0,7.0,1.0,3.0,0.0,0.0,3.0,0.4,1.8,0.0,11,9,1.0,3.0,6.697,3.0,7.0,0.0,3.0,0.0,0.0,3.0,2.0,1.8,0.0
1.0,3.0,5.8,3.0,7.0,0.0,3.0,0.0,0.0,3.0,0.0,1.8,0.0,11,-1,0.0,3.0,5.583,3.0,7.0,0.0,3.0,0.0,1.0,3.0,0.0,1.8,13.5
0.0,3.0,5.583,3.0,7.0,0.0,3.0,0.0,1.0,3.0,0.0,1.8,13.5,11,-1,0.0,3.0,5.147,3.0,7.0,1.0,3.0,0.0,0.0,3.0,1.747,1.8,1.0
0.0,3.0,5.147,3.0,7.0,1.0,3.0,0.0,0.0,3.0,1.747,1.8,1.0,0,-1,0.0,3.0,5.007,3.0,7.0,1.0,3.0,0.0,0.0,3.0,0.467,1.8,1.0
0.0,3.0,5.007,3.0,7.0,1.0,3.0,0.0,0.0,3.0,0.467,1.8,1.0,9,-1,0.0,3.0,5.0,3.0,7.0,1.0,3.0,0.0,0.0,3.0,0.493,1.8,1.0
0.0,3.0,5.0,3.0,7.0,1.0,3.0,0.0,0.0,3.0,0.493,1.8,1.0,0,-1,0.0,3.0,4.703,3.0,7.0,1.0,3.0,0.0,0.0,3.0,1.667,7.0,1.0
0.0,3.0,4.703,3.0,7.0,1.0,3.0,0.0,0.0,3.0,1.667,7.0,1.0,11,-1,0.0,3.0,4.157,3.0,7.0,0.0,3.0,0.0,0.0,3.0,2.0,7.0,1.0
0.0,3.0,4.157,3.0,7.0,0.0,3.0,0.0,0.0,3.0,2.0,7.0,1.0,4,0,0.0,3.0,4.157,3.0,7.0,0.0,3.0,0.0,0.0,3.0,2.0,7.0,1.0
0.0,3.0,4.157,3.0,7.0,0.0,3.0,0.0,0.0,3.0,2.0,7.0,1.0,4,0,0.0,3.0,4.157,3.0,7.0,0.0,3.0,0.0,1.0,2.0,2.0,7.0,1.0
0.0,3.0,4.157,3.0,7.0,0.0,3.0,0.0,1.0,2.0,2.0,7.0,1.0,2,-1,0.0,3.0,4.157,3.0,7.0,0.0,3.0,0.0,1.0,2.0,2.0,7.0,0.0
0.0,3.0,4.157,3.0,7.0,0.0,3.0,0.0,1.0,2.0,2.0,7.0,0.0,2,-1,0.0,3.0,4.157,3.0,7.0,0.0,3.0,0.0,1.0,2.0,2.0,7.0,19.5
1.0,3.0,5.8,3.0,7.0,1.0,3.0,0.0,0.0,3.0,0.0,1.8,1.0,1,-1,0.0,3.0,6.93,3.0,7.0,1.0,3.0,0.0,0.0,3.0,0.213,1.8,1.0
0.0,3.0,6.93,3.0,7.0,1.0,3.0,0.0,0.0,3.0,0.213,1.8,1.0,3,-1,0.0,3.0,6.923,3.0,7.0,1.0,3.0,0.0,0.0,3.0,0.227,1.8,1.0
0.0,3.0,6.923,3.0,7.0,1.0,3.0,0.0,0.0,3.0,0.227,1.8,1.0,1,9,0.0,3.0,5.637,3.0,7.0,1.0,2.0,0.0,0.0,3.0,2.0,1.8,1.0
1.0,3.0,5.807,3.0,7.0,1.0,3.0,0.0,0.0,3.0,0.013,1.8,1.0,5,-1,1.0,3.0,5.81,3.0,7.0,1.0,3.0,0.0,0.0,3.0,0.027,1.8,1.0
1.0,3.0,5.81,3.0,7.0,1.0,3.0,0.0,0.0,3.0,0.027,1.8,1.0,5,-1,1.0,3.0,5.82,3.0,7.0,1.0,3.0,0.0,0.0,1.0,0.053,1.8,1.0
1.0,3.0,5.82,3.0,7.0,1.0,3.0,0.0,0.0,1.0,0.053,1.8,1.0,11,9,1.0,3.0,6.98,3.0,7.0,0.0,3.0,0.0,0.0,1.0,1.867,1.8,1.0
1.0,3.0,5.9,3.0,7.0,1.0,3.0,0.0,0.0,3.0,0.387,1.8,1.0,4,0,1.0,3.0,5.903,3.0,7.0,1.0,3.0,0.0,1.0,2.0,0.413,1.8,0.5
1.0,3.0,5.903,3.0,7.0,1.0,3.0,0.0,1.0,2.0,0.413,1.8,0.5,11,9,0.0,3.0,7.093,3.0,7.0,0.0,3.0,0.0,1.0,2.0,0.0,1.8,0.5
1.0,3.0,5.8,3.0,7.0,1.0,3.0,0.0,1.0,3.0,0.0,1.8,4.5,9,-1,1.0,3.0,5.803,3.0,7.0,1.0,3.0,0.0,1.0,3.0,0.0,1.8,3.5
1.0,3.0,5.803,3.0,7.0,1.0,3.0,0.0,1.0,3.0,0.0,1.8,3.5,3,-1,1.0,3.0,5.807,3.0,7.0,0.0,3.0,0.0,1.0,3.0,0.0,8.0,3.0
1.0,3.0,5.807,3.0,7.0,0.0,3.0,0.0,1.0,3.0,0.0,8.0,3.0,2,-1,1.0,3.0,5.817,3.0,7.0,1.0,2.0,0.0,1.0,3.0,0.0,8.0,2.5
1.0,3.0,5.817,3.0,7.0,1.0,2.0,0.0,1.0,3.0,0.0,8.0,2.5,2,-1,1.0,2.0,5.82,3.0,7.0,1.0,2.0,0.0,1.0,3.0,0.0,8.0,2.0
1.0,2.0,5.82,3.0,7.0,1.0,2.0,0.0,1.0,3.0,0.0,8.0,2.0,10,-1,1.0,2.0,5.823,3.0,7.0,1.0,2.0,0.0,1.0,3.0,0.0,8.0,1.5
1.0,2.0,5.823,3.0,7.0,1.0,2.0,0.0,1.0,3.0,0.0,8.0,1.5,2,-1,1.0,2.0,5.827,3.0,7.0,1.0,2.0,0.0,1.0,3.0,0.0,8.0,1.0
1.0,2.0,5.827,3.0,7.0,1.0,2.0,0.0,1.0,3.0,0.0,8.0,1.0,11,-1,1.0,2.0,6.637,3.0,7.0,1.0,2.0,0.0,0.0,3.0,2.0,8.0,0.5
1.0,2.0,6.637,3.0,7.0,1.0,2.0,0.0,0.0,3.0,2.0,8.0,0.5,7,-1,1.0,2.0,6.64,3.0,7.0,1.0,2.0,0.0,0.0,3.0,2.0,8.0,0.5
1.0,2.0,6.64,3.0,7.0,1.0,2.0,0.0,0.0,3.0,2.0,8.0,0.5,8,-1,0.0,1.0,5.223,3.0,7.0,1.0,2.0,0.0,0.0,3.0,2.0,8.0,0.5
0.0,1.0,5.223,3.0,7.0,1.0,2.0,0.0,0.0,3.0,2.0,8.0,0.5,6,-1,0.0,1.0,5.217,3.0,7.0,1.0,2.0,0.0,0.0,3.0,2.0,8.0,0.5
1.0,3.0,5.8,3.0,7.0,0.0,3.0,0.0,0.0,3.0,0.0,1.8,0.5,11,-1,0.0,3.0,5.59,3.0,7.0,0.0,3.0,0.0,1.0,3.0,0.0,1.8,19.0
0.0,3.0,5.59,3.0,7.0,0.0,3.0,0.0,1.0,3.0,0.0,1.8,19.0,2,-1,0.0,3.0,5.59,3.0,7.0,0.0,3.0,0.0,1.0,3.0,0.0,1.8,18.5
0.0,3.0,5.59,3.0,7.0,0.0,3.0,0.0,1.0,3.0,0.0,1.8,18.5,10,-1,0.0,3.0,5.59,3.0,7.0,0.0,3.0,0.0,1.0,3.0,0.0,1.8,18.0
0.0,3.0,5.59,3.0,7.0,0.0,3.0,0.0,1.0,3.0,0.0,1.8,18.0,0,-1,1.0,2.0,5.863,2.0,8.0,1.0,3.0,0.0,0.0,3.0,0.693,1.8,1.0
1.0,2.0,5.863,2.0,8.0,1.0,3.0,0.0,0.0,3.0,0.693,1.8,1.0,5,-1,1.0,2.0,5.867,2.0,8.0,1.0,3.0,0.0,0.0,1.0,0.707,1.8,1.0
1.0,2.0,5.867,2.0,8.0,1.0,3.0,0.0,0.0,1.0,0.707,1.8,1.0,10,-1,1.0,2.0,5.873,2.0,8.0,1.0,3.0,0.0,0.0,1.0,0.733,1.8,1.0
1.0,2.0,5.873,2.0,8.0,1.0,3.0,0.0,0.0,1.0,0.733,1.8,1.0,11,19,1.0,2.0,7.077,5.0,5.0,0.0,3.0,0.0,0.0,1.0,2.0,1.8,1.0
1.0,3.0,5.8,3.0,7.0,0.0,3.0,0.0,0.0,3.0,0.0,1.8,1.0,8,-1,0.0,3.0,6.923,3.0,7.0,1.0,3.0,0.0,0.0,3.0,0.227,1.8,1.0
0.0,3.0,6.923,3.0,7.0,1.0,3.0,0.0,0.0,3.0,0.227,1.8,1.0,4,0,0.0,3.0,6.917,3.0,7.0,1.0,3.0,0.0,0.0,3.0,0.24,1.8,1.0
0.0,3.0,6.917,3.0,7.0,1.0,3.0,0.0,0.0,3.0,0.24,1.8,1.0,11,-1,0.0,3.0,6.88,3.0,7.0,0.0,3.0,0.0,1.0,2.0,0.0,1.8,1.0
0.0,3.0,6.88,3.0,7.0,0.0,3.0,0.0,1.0,2.0,0.0,1.8,1.0,5,-1,0.0,3.0,6.88,3.0,7.0,0.0,3.0,0.0,1.0,2.0,0.0,1.8,0.5
0.0,3.0,6.88,3.0,7.0,0.0,3.0,0.0,1.0,2.0,0.0,1.8,0.5,5,-1,0.0,3.0,6.88,3.0,7.0,0.0,3.0,0.0,1.0,2.0,0.0,1.8,0.0
0.0,3.0,6.88,3.0,7.0,0.0,3.0,0.0,1.0,2.0,0.0,1.8,0.0,3,-1,0.0,3.0,6.88,3.0,7.0,1.0,2.0,0.0,0.0,1.0,0.0,1.8,0.0
0.0,3.0,6.88,3.0,7.0,1.0,2.0,0.0,0.0,1.0,0.0,1.8,0.0,11,9,0.0,3.0,6.07,3.0,7.0,1.0,2.0,0.0,0.0,1.0,2.0,1.8,0.0
1.0,3.0,5.8,3.0,7.0,0.0,3.0,0.0,0.0,3.0,0.0,1.8,0.0,7,-1,1.0,3.0,5.803,3.0,7.0,1.0,3.0,0.0,0.0,3.0,0.0,1.8,0.0
1.0,3.0,5.803,3.0,7.0,1.0,3.0,0.0,0.0,3.0,0.0,1.8,0.0,11,9,0.0,1.0,5.003,3.0,7.0,1.0,3.0,0.0,0.0,3.0,2.0,1.8,0.0
1.0,3.0,5.9,3.0,7.0,1.0,3.0,0.0,0.0,3.0,0.4,1.8,0.0,7,-1,1.0,3.0,5.907,3.0,7.0,1.0,3.0,0.0,0.0,3.0,0.427,1.8,0.0
1.0,3.0,5.907,3.0,7.0,1.0,3.0,0.0,0.0,3.0,0.427,1.8,0.0,10,-1,0.0,1.0,5.903,3.0,7.0,1.0,3.0,0.0,0.0,3.0,0.44,1.8,0.0
0.0,1.0,5.903,3.0,7.0,1.0,3.0,0.0,0.0,3.0,0.44,1.8,0.0,5,-1,0.0,1.0,5.9,3.0,7.0,1.0,3.0,0.0,0.0,3.0,0.453,1.8,0.0
0.0,1.0,5.9,3.0,7.0,1.0,3.0,0.0,0.0,3.0,0.453,1.8,0.0,11,19,0.0,1.0,5.283,5.0,5.0,0.0,3.0,0.0,0.0,1.0,2.0,1.8,0.0
1.0,3.0,5.8,3.0,7.0,0.0,3.0,0.0,0.0,3.0,0.013,1.8,0.0,10,9,1.0,3.0,5.807,3.0,5.0,1.0,3.0,0.0,0.0,3.0,0.013,1.8,0.0
1.0,3.0,5.8,3.0,7.0,0.0,3.0,0.0,0.0,3.0,0.0,1.8,0.0,11,-1,0.0,3.0,5.45,3.0,7.0,1.0,3.0,0.0,0.0,3.0,0.547,1.8,1.0
0.0,3.0,5.45,3.0,7.0,1.0,3.0,0.0,0.0,3.0,0.547,1.8,1.0,11,9,0.0,3.0,4.933,3.0,7.0,0.0,3.0,0.0,0.0,3.0,2.0,1.8,1.0
1.0,3.0,5.8,3.0,7.0,0.0,3.0,0.0,0.0,3.0,0.0,1.8,1.0,11,9,1.0,3.0,6.9,3.0,7.0,0.0,3.0,0.0,0.0,3.0,2.0,1.8,1.0
1.0,3.0,5.903,3.0,7.0,1.0,3.0,0.0,0.0,3.0,0.387,1.8,0.0,4,0,1.0,3.0,5.913,3.0,7.0,0.0,3.0,0.0,0.0,3.0,0.4,1.8,0.0
1.0,3.0,5.913,3.0,7.0,0.0,3.0,0.0,0.0,3.0,0.4,1.8,0.0,10,-1,1.0,3.0,5.92,3.0,7.0,1.0,3.0,0.0,1.0,2.0,0.0,1.8,19.0
1.0,3.0,5.92,3.0,7.0,1.0,3.0,0.0,1.0,2.0,0.0,1.8,19.0,11,9,0.0,3.0,5.917,3.0,5.0,0.0,3.0,0.0,1.0,2.0,0.0,1.8,0.0
1.0,3.0,5.81,3.0,7.0,0.0,3.0,0.0,1.0,3.0,0.0,1.8,7.5,3,-1,1.0,3.0,5.81,3.0,7.0,1.0,3.0,0.0,0.0,3.0,0.0,1.8,7.5
1.0,3.0,5.81,3.0,7.0,1.0,3.0,0.0,0.0,3.0,0.0,1.8,7.5,0,-1,1.0,3.0,6.11,3.0,7.0,1.0,2.0,0.0,0.0,3.0,1.013,1.8,1.0
1.0,3.0,6.11,3.0,7.0,1.0,2.0,0.0,0.0,3.0,1.013,1.8,1.0,9,-1,1.0,3.0,6.117,3.0,7.0,1.0,2.0,0.0,0.0,3.0,1.027,1.8,1.0
1.0,3.0,6.117,3.0,7.0,1.0,2.0,0.0,0.0,3.0,1.027,1.8,1.0,9,-1,1.0,3.0,6.12,3.0,7.0,1.0,2.0,0.0,0.0,3.0,1.04,8.0,1.0
1.0,3.0,6.12,3.0,7.0,1.0,2.0,0.0,0.0,3.0,1.04,8.0,1.0,7,-1,1.0,3.0,6.123,3.0,7.0,1.0,2.0,0.0,0.0,3.0,1.067,8.0,1.0
1.0,3.0,6.123,3.0,7.0,1.0,2.0,0.0,0.0,3.0,1.067,8.0,1.0,3,-1,0.0,1.0,6.127,3.0,7.0,1.0,2.0,0.0,0.0,3.0,1.08,8.0,1.0
0.0,1.0,6.127,3.0,7.0,1.0,2.0,0.0,0.0,3.0,1.08,8.0,1.0,8,-1,0.0,1.0,4.723,3.0,7.0,1.0,2.0,0.0,0.0,3.0,2.0,8.0,1.0
0.0,1.0,4.723,3.0,7.0,1.0,2.0,0.0,0.0,3.0,2.0,8.0,1.0,5,-1,0.0,1.0,4.72,3.0,7.0,1.0,2.0,0.0,0.0,3.0,2.0,8.0,1.0
0.0,1.0,4.72,3.0,7.0,1.0,2.0,0.0,0.0,3.0,2.0,8.0,1.0,0,-1,0.0,1.0,4.417,3.0,7.0,1.0,2.0,0.0,0.0,1.0,2.0,8.0,1.0
0.0,1.0,4.417,3.0,7.0,1.0,2.0,0.0,0.0,1.0,2.0,8.0,1.0,7,-1,0.0,1.0,4.413,3.0,7.0,1.0,2.0,0.0,0.0,1.0,2.0,8.0,1.0
1.0,3.0,5.8,3.0,7.0,0.0,3.0,0.0,0.0,3.0,0.0,1.8,1.0,2,-1,1.0,3.0,5.807,3.0,7.0,0.0,3.0,0.0,0.0,3.0,0.0,1.8,1.0
1.0,3.0,5.807,3.0,7.0,0.0,3.0,0.0,0.0,3.0,0.0,1.8,1.0,1,9,1.0,2.0,7.39,3.0,7.0,1.0,3.0,0.0,0.0,3.0,0.227,1.8,1.0
1.0,3.0,5.8,3.0,7.0,0.0,3.0,0.0,0.0,3.0,0.013,1.8,1.0,8,-1,0.0,3.0,4.66,3.0,7.0,0.0,3.0,0.0,1.0,3.0,0.0,1.8,19.0
0.0,3.0,4.66,3.0,7.0,0.0,3.0,0.0,1.0,3.0,0.0,1.8,19.0,7,-1,0.0,3.0,4.66,3.0,7.0,0.0,3.0,0.0,1.0,3.0,0.0,1.8,18.5
0.0,3.0,4.66,3.0,7.0,0.0,3.0,0.0,1.0,3.0,0.0,1.8,18.5,8,-1,0.0,1.0,3.69,3.0,7.0,1.0,3.0,0.0,0.0,3.0,0.147,1.8,1.0
0.0,1.0,3.69,3.0,7.0,1.0,3.0,0.0,0.0,3.0,0.147,1.8,1.0,11,9,0.0,1.0,3.167,3.0,7.0,0.0,3.0,0.0,0.0,3.0,2.0,1.8,1.0
1.0,3.0,5.807,3.0,7.0,1.0,3.0,0.0,1.0,3.0,0.0,1.8,9.0,10,-1,1.0,3.0,5.81,3.0,7.0,1.0,3.0,0.0,1.0,3.0,0.0,1.8,8.5
1.0,3.0,5.81,3.0,7.0,1.0,3.0,0.0,1.0,3.0,0.0,1.8,8.5,11,9,1.0,3.0,6.833,0.0,7.0,0.0,3.0,0.0,0.0,3.0,2.0,1.8,0.5
1.0,3.0,5.91,3.0,7.0,1.0,3.0,0.0,0.0,3.0,0.387,1.8,0.5,11,9,1.0,3.0,6.7,3.0,7.0,1.0,3.0,0.0,0.0,3.0,2.0,1.8,0.5
1.0,3.0,5.813,3.0,7.0,0.0,3.0,0.0,0.0,3.0,0.013,1.8,0.5,6,-1,1.0,3.0,5.82,3.0,7.0,1.0,3.0,0.0,0.0,3.0,0.013,1.8,0.5
1.0,3.0,5.82,3.0,7.0,1.0,3.0,0.0,0.0,3.0,0.013,1.8,0.5,11,9,0.0,3.0,7.017,3.0,7.0,0.0,1.0,0.0,0.0,3.0,0.04,1.8,0.5
1.0,3.0,5.8,3.0,7.0,1.0,3.0,0.0,0.0,3.0,0.0,1.8,0.5,2,-1,1.0,3.0,5.81,3.0,7.0,1.0,3.0,0.0,0.0,3.0,0.013,1.8,0.5
1.0,3.0,5.81,3.0,7.0,1.0,3.0,0.0,0.0,3.0,0.013,1.8,0.5,10,-1,1.0,2.0,5.813,3.0,7.0,1.0,3.0,0.0,0.0,3.0,0.04,1.8,0.5
1.0,2.0,5.813,3.0,7.0,1.0,3.0,0.0,0.0,3.0,0.04,1.8,0.5,6,-1,1.0,2.0,5.817,3.0,7.0,1.0,3.0,0.0,0.0,3.0,0.053,1.8,0.5
1.0,2.0,5.817,3.0,7.0,1.0,3.0,0.0,0.0,3.0,0.053,1.8,0.5,7,9,1.0,2.0,5.823,5.0,5.0,1.0,1.0,0.0,0.0,3.0,0.067,1.8,0.5
1.0,3.0,5.8,3.0,7.0,0.0,3.0,0.0,0.0,3.0,0.013,1.8,0.5,11,-1,0.0,3.0,5.573,3.0,7.0,0.0,3.0,0.0,1.0,3.0,0.0,1.8,7.0
0.0,3.0,5.573,3.0,7.0,0.0,3.0,0.0,1.0,3.0,0.0,1.8,7.0,9,-1,0.0,3.0,5.573,3.0,7.0,0.0,3.0,0.0,1.0,3.0,0.0,1.8,6.5
0.0,3.0,5.573,3.0,7.0,0.0,3.0,0.0,1.0,3.0,0.0,1.8,6.5,0,-1,0.0,3.0,5.457,3.0,7.0,1.0,3.0,0.0,0.0,3.0,0.453,9.0,0.5
0.0,3.0,5.457,3.0,7.0,1.0,3.0,0.0,0.0,3.0,0.453,9.0,0.5,3,-1,0.0,3.0,5.453,3.0,7.0,1.0,3.0,0.0,0.0,3.0,0.48,9.0,0.5
0.0,3.0,5.453,3.0,7.0,1.0,3.0,0.0,0.0,3.0,0.48,9.0,0.5,2,-1,0.0,3.0,5.447,3.0,7.0,1.0,2.0,0.0,0.0,3.0,0.493,9.0,0.5
0.0,3.0,5.447,3.0,7.0,1.0,2.0,0.0,0.0,3.0,0.493,9.0,0.5,11,-1,1.0,2.0,6.263,3.0,7.0,1.0,2.0,0.0,0.0,3.0,2.0,9.0,0.5
1.0,2.0,6.263,3.0,7.0,1.0,2.0,0.0,0.0,3.0,2.0,9.0,0.5,10,-1,1.0,2.0,6.267,3.0,7.0,1.0,2.0,0.0,0.0,3.0,2.0,9.0,0.5
1.0,2.0,6.267,3.0,7.0,1.0,2.0,0.0,0.0,3.0,2.0,9.0,0.5,3,9,1.0,2.0,6.27,1.0,5.0,1.0,2.0,0.0,0.0,3.0,2.0,9.0,0.5
1.0,3.0,5.8,3.0,7.0,0.0,3.0,0.0,0.0,3.0,0.0,1.8,0.5,9,-1,1.0,3.0,5.813,3.0,7.0,0.0,3.0,0.0,0.0,3.0,0.013,1.8,0.5
1.0,3.0,5.813,3.0,7.0,0.0,3.0,0.0,0.0,3.0,0.013,1.8,0.5,2,-1,1.0,3.0,5.82,3.0,7.0,1.0,3.0,0.0,0.0,3.0,0.027,9.0,0.5
1.0,3.0,5.82,3.0,7.0,1.0,3.0,0.0,0.0,3.0,0.027,9.0,0.5,5,-1,1.0,3.0,5.823,3.0,7.0,1.0,3.0,0.0,0.0,1.0,0.027,9.0,0.5
1.0,3.0,5.823,3.0,7.0,1.0,3.0,0.0,0.0,1.0,0.027,9.0,0.5,11,-1,1.0,2.0,6.637,3.0,7.0,1.0,3.0,0.0,0.0,1.0,2.0,9.0,0.5
1.0,2.0,6.637,3.0,7.0,1.0,3.0,0.0,0.0,1.0,2.0,9.0,0.5,1,9,1.0,2.0,7.923,3.0,7.0,1.0,3.0,0.0,0.0,1.0,2.0,9.0,0.5
1.0,3.0,5.8,3.0,7.0,0.0,3.0,0.0,0.0,3.0,0.0,1.8,0.5,11,-1,1.0,3.0,6.757,3.0,7.0,1.0,3.0,0.0,0.0,3.0,0.013,1.8,0.5
1.0,3.0,6.757,3.0,7.0,1.0,3.0,0.0,0.0,3.0,0.013,1.8,0.5,9,-1,1.0,3.0,6.757,3.0,7.0,1.0,3.0,0.0,0.0,3.0,0.027,7.0,0.5
1.0,3.0,6.757,3.0,7.0,1.0,3.0,0.0,0.0,3.0,0.027,7.0,0.5,5,-1,1.0,3.0,6.763,3.0,7.0,1.0,3.0,0.0,0.0,1.0,0.04,7.0,0.5
1.0,3.0,6.763,3.0,7.0,1.0,3.0,0.0,0.0,1.0,0.04,7.0,0.5,4,0,1.0,3.0,6.77,3.0,7.0,1.0,3.0,0.0,0.0,1.0,0.067,7.0,0.5
1.0,3.0,6.77,3.0,7.0,1.0,3.0,0.0,0.0,1.0,0.067,7.0,0.5,5,-1,1.0,3.0,6.773,3.0,7.0,1.0,3.0,0.0,1.0,2.0,0.08,7.0,0.0
1.0,3.0,6.773,3.0,7.0,1.0,3.0,0.0,1.0,2.0,0.08,7.0,0.0,11,9,0.0,3.0,7.643,3.0,7.0,0.0,3.0,0.0,0.0,1.0,0.0,7.0,19.5
1.0,3.0,5.807,3.0,7.0,0.0,3.0,0.0,0.0,3.0,0.0,1.8,15.0,7,-1,1.0,3.0,5.813,3.0,7.0,1.0,3.0,0.0,1.0,3.0,0.0,1.8,14.5
1.0,3.0,5.813,3.0,7.0,1.0,3.0,0.0,1.0,3.0,0.0,1.8,14.5,7,-1,1.0,3.0,5.817,3.0,7.0,0.0,3.0,0.0,1.0,3.0,0.0,1.8,14.0
1.0,3.0,5.817,3.0,7.0,0.0,3.0,0.0,1.0,3.0,0.0,1.8,14.0,8,-1,0.0,1.0,4.883,3.0,7.0,0.0,3.0,0.0,1.0,3.0,0.0,1.8,4.5
0.0,1.0,4.883,3.0,7.0,0.0,3.0,0.0,1.0,3.0,0.0,1.8,4.5,6,-1,0.0,1.0,4.883,3.0,7.0,0.0,3.0,0.0,1.0,3.0,0.0,1.8,4.0
0.0,1.0,4.883,3.0,7.0,0.0,3.0,0.0,1.0,3.0,0.0,1.8,4.0,11,-1,0.0,1.0,4.883,3.0,7.0,0.0,1.0,0.0,0.0,3.0,0.0,1.8,1.0
0.0,1.0,4.883,3.0,7.0,0.0,1.0,0.0,0.0,3.0,0.0,1.8,1.0,8,-1,0.0,1.0,4.883,3.0,7.0,0.0,1.0,0.0,0.0,3.0,0.0,1.8,1.0
0.0,1.0,4.883,3.0,7.0,0.0,1.0,0.0,0.0,3.0,0.0,1.8,1.0,2,-1,0.0,1.0,4.883,3.0,7.0,0.0,1.0,0.0,0.0,3.0,0.0,1.8,1.0
0.0,1.0,4.883,3.0,7.0,0.0,1.0,0.0,0.0,3.0,0.0,1.8,1.0,11,-1,1.0,2.0,6.497,3.0,7.0,0.0,1.0,0.0,0.0,3.0,0.0,1.8,1.0
1.0,2.0,6.497,3.0,7.0,0.0,1.0,0.0,0.0,3.0,0.0,1.8,1.0,10,-1,1.0,2.0,6.51,3.0,7.0,0.0,1.0,0.0,0.0,3.0,0.0,1.8,1.0
1.0,2.0,6.51,3.0,7.0,0.0,1.0,0.0,0.0,3.0,0.0,1.8,1.0,2,9,1.0,2.0,6.517,0.0,6.0,0.0,1.0,0.0,0.0,3.0,0.0,1.8,1.0
1.0,3.0,5.8,3.0,7.0,1.0,3.0,0.0,0.0,3.0,0.0,1.8,1.0,9,-1,1.0,3.0,5.803,3.0,7.0,0.0,3.0,0.0,0.0,3.0,0.027,1.8,1.0
1.0,3.0,5.803,3.0,7.0,0.0,3.0,0.0,0.0,3.0,0.027,1.8,1.0,5,-1,1.0,3.0,5.81,3.0,7.0,1.0,3.0,0.0,0.0,1.0,0.027,1.8,1.0
1.0,3.0,5.81,3.0,7.0,1.0,3.0,0.0,0.0,1.0,0.027,1.8,1.0,11,-1,1.0,3.0,6.843,3.0,7.0,1.0,3.0,0.0,0.0,1.0,2.0,7.0,1.0
1.0,3.0,6.843,3.0,7.0,1.0,3.0,0.0,0.0,1.0,2.0,7.0,1.0,4,0,1.0,3.0,6.85,3.0,7.0,1.0,3.0,0.0,0.0,1.0,2.0,7.0,1.0
1.0,3.0,6.85,3.0,7.0,1.0,3.0,0.0,0.0,1.0,2.0,7.0,1.0,8,-1,0.0,3.0,6.927,3.0,7.0,0.0,3.0,0.0,1.0,2.0,0.0,7.0,7.0
0.0,3.0,6.927,3.0,7.0,0.0,3.0,0.0,1.0,2.0,0.0,7.0,7.0,5,-1,0.0,3.0,6.927,3.0,7.0,0.0,3.0,0.0,0.0,1.0,0.0,7.0,7.0
0.0,3.0,6.927,3.0,7.0,0.0,3.0,0.0,0.0,1.0,0.0,7.0,7.0,11,-1,0.0,3.0,6.927,3.0,7.0,0.0,3.0,0.0,0.0,1.0,0.0,7.0,7.0
0.0,3.0,6.927,3.0,7.0,0.0,3.0,0.0,0.0,1.0,0.0,7.0,7.0,1,-1,0.0,3.0,6.927,3.0,7.0,0.0,3.0,0.0,0.0,1.0,0.0,7.0,7.0
0.0,3.0,6.927,3.0,7.0,0.0,3.0,0.0,0.0,1.0,0.0,7.0,7.0,11,-1,0.0,3.0,6.927,3.0,7.0,0.0,3.0,0.0,0.0,1.0,0.0,7.0,7.0
0.0,3.0,6.927,3.0,7.0,0.0,3.0,0.0,0.0,1.0,0.0,7.0,7.0,6,-1,0.0,3.0,6.927,3.0,7.0,0.0,1.0,0.0,0.0,1.0,0.0,7.0,7.0
1.0,3.0,5.8,3.0,7.0,0.0,3.0,0.0,0.0,3.0,0.0,1.8,3.5,1,-1,0.0,3.0,4.587,3.0,7.0,0.0,3.0,0.0,1.0,3.0,0.0,1.8,13.0
0.0,3.0,4.587,3.0,7.0,0.0,3.0,0.0,1.0,3.0,0.0,1.8,13.0,6,-1,0.0,3.0,4.587,3.0,7.0,0.0,3.0,0.0,1.0,3.0,0.0,1.8,12.5
0.0,3.0,4.587,3.0,7.0,0.0,3.0,0.0,1.0,3.0,0.0,1.8,12.5,11,-1,0.0,3.0,4.587,3.0,7.0,0.0,1.0,0.0,0.0,3.0,0.0,1.8,0.5
0.0,3.0,4.587,3.0,7.0,0.0,1.0,0.0,0.0,3.0,0.0,1.8,0.5,2,-1,0.0,3.0,4.587,3.0,7.0,0.0,1.0,0.0,0.0,3.0,0.0,1.8,0.5
0.0,3.0,4.587,3.0,7.0,0.0,1.0,0.0,0.0,3.0,0.0,1.8,0.5,1,9,1.0,2.0,7.167,3.0,7.0,0.0,1.0,0.0,0.0,3.0,0.0,1.8,0.5
1.0,3.0,5.81,3.0,7.0,1.0,3.0,0.0,0.0,3.0,0.0,1.8,0.5,11,9,1.0,3.0,6.583,3.0,7.0,1.0,3.0,0.0,0.0,3.0,2.0,1.8,0.5
1.0,3.0,5.903,3.0,7.0,1.0,3.0,0.0,0.0,3.0,0.4,1.8,0.5,9,-1,1.0,3.0,5.907,3.0,7.0,0.0,3.0,0.0,0.0,3.0,0.413,1.8,0.5
1.0,3.0,5.907,3.0,7.0,0.0,3.0,0.0,0.0,3.0,0.413,1.8,0.5,11,-1,1.0,3.0,6.707,3.0,7.0,1.0,3.0,0.0,0.0,3.0,2.0,9.0,0.5
1.0,3.0,6.707,3.0,7.0,1.0,3.0,0.0,0.0,3.0,2.0,9.0,0.5,8,-1,0.0,3.0,6.02,3.0,7.0,1.0,3.0,0.0,0.0,3.0,2.0,9.0,0.5
0.0,3.0,6.02,3.0,7.0,1.0,3.0,0.0,0.0,3.0,2.0,9.0,0.5,11,-1,0.0,3.0,5.22,3.0,7.0,1.0,3.0,0.0,0.0,3.0,2.0,9.0,0.5
0.0,3.0,5.22,3.0,7.0,1.0,3.0,0.0,0.0,3.0,2.0,9.0,0.5,6,-1,0.0,3.0,5.213,3.0,7.0,1.0,3.0,0.0,0.0,3.0,2.0,9.0,0.5
0.0,3.0,5.213,3.0,7.0,1.0,3.0,0.0,0.0,3.0,2.0,9.0,0.5,11,-1,0.0,3.0,5.21,3.0,7.0,0.0,1.0,0.0,0.0,3.0,2.0,9.0,0.5
0.0,3.0,5.21,3.0,7.0,0.0,1.0,0.0,0.0,3.0,2.0,9.0,0.5,1,-1,0.0,3.0,5.21,3.0,7.0,0.0,1.0,0.0,0.0,3.0,2.0,9.0,0.5
0.0,3.0,5.21,3.0,7.0,0.0,1.0,0.0,0.0,3.0,2.0,9.0,0.5,2,-1,0.0,3.0,5.21,3.0,7.0,0.0,1.0,0.0,0.0,3.0,2.0,9.0,0.5
0.0,3.0,5.21,3.0,7.0,0.0,1.0,0.0,0.0,3.0,2.0,9.0,0.5,2,-1,0.0,3.0,5.21,3.0,7.0,0.0,1.0,0.0,0.0,3.0,2.0,9.0,0.5
0.0,3.0,5.21,3.0,7.0,0.0,1.0,0.0,0.0,3.0,2.0,9.0,0.5,2,-1,1.0,2.0,5.217,3.0,7.0,0.0,1.0,0.0,0.0,3.0,2.0,9.0,0.5
1.0,3.0,5.803,3.0,7.0,0.0,3.0,0.0,0.0,3.0,0.0,1.8,0.5,0,-1,1.0,3.0,6.107,3.0,7.0,1.0,3.0,0.0,0.0,3.0,1.187,1.8,0.5
1.0,3.0,6.107,3.0,7.0,1.0,3.0,0.0,0.0,3.0,1.187,1.8,0.5,7,-1,1.0,3.0,6.11,3.0,7.0,1.0,3.0,0.0,0.0,3.0,1.2,1.8,0.5
1.0,3.0,6.11,3.0,7.0,1.0,3.0,0.0,0.0,3.0,1.2,1.8,0.5,11,9,0.0,1.0,5.477,3.0,7.0,0.0,3.0,0.0,0.0,3.0,2.0,1.8,0.5
1.0,3.0,5.817,3.0,7.0,1.0,3.0,0.0,0.0,3.0,0.0,1.8,0.5,5,-1,1.0,3.0,5.823,3.0,7.0,1.0,3.0,0.0,0.0,3.0,0.013,1.8,0.5
1.0,3.0,5.823,3.0,7.0,1.0,3.0,0.0,0.0,3.0,0.013,1.8,0.5,11,9,1.0,3.0,6.743,3.0,7.0,0.0,3.0,0.0,0.0,1.0,2.0,1.8,0.5
1.0,3.0,5.91,3.0,7.0,1.0,3.0,0.0,0.0,3.0,0.4,1.8,0.5,8,9,0.0,3.0,4.64,3.0,7.0,0.0,3.0,0.0,0.0,3.0,1.867,1.8,0.5
1.0,3.0,5.8,3.0,7.0,1.0,3.0,0.0,1.0,3.0,0.0,1.8,0.5,0,-1,1.0,3.0,6.11,3.0,7.0,1.0,3.0,0.0,0.0,3.0,1.2,1.8,0.5
1.0,3.0,6.11,3.0,7.0,1.0,3.0,0.0,0.0,3.0,1.2,1.8,0.5,1,-1,0.0,3.0,6.617,3.0,7.0,1.0,3.0,0.0,0.0,3.0,1.413,1.8,1.0
0.0,3.0,6.617,3.0,7.0,1.0,3.0,0.0,0.0,3.0,1.413,1.8,1.0,11,-1,0.0,3.0,6.14,3.0,7.0,0.0,3.0,0.0,1.0,3.0,0.0,1.8,18.0
0.0,3.0,6.14,3.0,7.0,0.0,3.0,0.0,1.0,3.0,0.0,1.8,18.0,10,-1,0.0,3.0,6.14,3.0,7.0,0.0,3.0,0.0,1.0,3.0,0.0,1.8,17.0
0.0,3.0,6.14,3.0,7.0,0.0,3.0,0.0,1.0,3.0,0.0,1.8,17.0,11,9,0.0,3.0,6.14,3.0,6.0,0.0,3.0,0.0,0.0,3.0,0.0,1.8,1.0
1.0,3.0,5.807,3.0,7.0,0.0,3.0,0.0,0.0,3.0,0.0,1.8,1.0,11,9,1.0,3.0,6.883,3.0,7.0,0.0,3.0,0.0,0.0,3.0,1.947,1.8,1.0
1.0,3.0,5.9,3.0,7.0,1.0,3.0,0.0,0.0,3.0,0.4,1.8,1.0,0,-1,1.0,3.0,6.2,3.0,7.0,1.0,3.0,0.0,0.0,3.0,1.613,1.8,1.0
1.0,3.0,6.2,3.0,7.0,1.0,3.0,0.0,0.0,3.0,1.613,1.8,1.0,7,-1,1.0,3.0,6.207,3.0,7.0,1.0,3.0,0.0,0.0,3.0,1.64,1.8,1.0
1.0,3.0,6.207,3.0,7.0,1.0,3.0,0.0,0.0,3.0,1.64,1.8,1.0,8,-1,0.0,1.0,5.283,3.0,7.0,1.0,3.0,0.0,0.0,3.0,1.613,1.8,1.0
0.0,1.0,5.283,3.0,7.0,1.0,3.0,0.0,0.0,3.0,1.613,1.8,1.0,1,9,0.0,1.0,4.3,3.0,7.0,1.0,3.0,0.0,0.0,3.0,1.813,1.8,1.0
1.0,3.0,5.8,3.0,7.0,1.0,3.0,0.0,0.0,3.0,0.013,1.8,1.0,8,-1,0.0,3.0,6.933,3.0,7.0,1.0,3.0,0.0,0.0,3.0,0.213,1.8,1.0
0.0,3.0,6.933,3.0,7.0,1.0,3.0,0.0,0.0,3.0,0.213,1.8,1.0,9,-1,0.0,3.0,6.93,3.0,7.0,1.0,3.0,0.0,0.0,3.0,0.227,1.8,1.0
0.0,3.0,6.93,3.0,7.0,1.0,3.0,0.0,0.0,3.0,0.227,1.8,1.0,5,-1,0.0,3.0,6.923,3.0,7.0,1.0,3.0,0.0,0.0,3.0,0.253,8.0,1.0
0.0,3.0,6.923,3.0,7.0,1.0,3.0,0.0,0.0,3.0,0.253,8.0,1.0,1,-1,0.0,3.0,5.513,3.0,7.0,1.0,3.0,0.0,0.0,1.0,2.0,8.0,1.0
0.0,3.0,5.513,3.0,7.0,1.0,3.0,0.0,0.0,1.0,2.0,8.0,1.0,4,0,0.0,3.0,5.51,3.0,7.0,1.0,3.0,0.0,1.0,2.0,2.0,8.0,1.0
0.0,3.0,5.51,3.0,7.0,1.0,3.0,0.0,1.0,2.0,2.0,8.0,1.0,4,-2,0.0,3.0,5.507,3.0,7.0,1.0,3.0,0.0,1.0,2.0,2.0,8.0,0.0
0.0,3.0,5.507,3.0,7.0,1.0,3.0,0.0,1.0,2.0,2.0,8.0,0.0,4,-2,0.0,3.0,5.503,3.0,7.0,1.0,3.0,0.0,1.0,2.0,2.0,8.0,19.5
0.0,3.0,5.503,3.0,7.0,1.0,3.0,0.0,1.0,2.0,2.0,8.0,19.5,11,-1,0.0,3.0,5.49,3.0,7.0,0.0,3.0,0.0,1.0,2.0,0.0,8.0,0.0
0.0,3.0,5.49,3.0,7.0,0.0,3.0,0.0,1.0,2.0,0.0,8.0,0.0,11,-1,0.0,3.0,5.467,3.0,7.0,0.0,3.0,0.0,1.0,2.0,0.0,8.0,16.5
0.0,3.0,5.467,3.0,7.0,0.0,3.0,0.0,1.0,2.0,0.0,8.0,16.5,0,-1,0.0,3.0,5.44,3.0,7.0,0.0,3.0,0.0,1.0,2.0,0.0,8.0,11.5
1.0,3.0,5.8,3.0,7.0,1.0,3.0,0.0,1.0,3.0,0.0,1.8,8.5,6,-1,0.0,3.0,5.613,3.0,7.0,1.0,3.0,0.0,0.0,3.0,1.373,1.8,0.5
0.0,3.0,5.613,3.0,7.0,1.0,3.0,0.0,0.0,3.0,1.373,1.8,0.5,4,0,0.0,3.0,5.613,3.0,7.0,0.0,1.0,0.0,0.0,3.0,1.387,1.8,0.5
0.0,3.0,5.613,3.0,7.0,0.0,1.0,0.0,0.0,3.0,1.387,1.8,0.5,10,-1,0.0,3.0,5.613,3.0,7.0,0.0,1.0,0.0,1.0,2.0,1.387,1.8,0.0
0.0,3.0,5.613,3.0,7.0,0.0,1.0,0.0,1.0,2.0,1.387,1.8,0.0,2,-1,0.0,3.0,5.613,2.0,8.0,0.0,1.0,0.0,1.0,2.0,0.0,1.8,19.0
0.0,3.0,5.613,2.0,8.0,0.0,1.0,0.0,1.0,2.0,0.0,1.8,19.0,0,-1,1.0,2.0,6.207,2.0,8.0,0.0,1.0,0.0,1.0,2.0,0.0,1.8,14.0
1.0,2.0,6.207,2.0,8.0,0.0,1.0,0.0,1.0,2.0,0.0,1.8,14.0,9,-1,1.0,2.0,6.213,2.0,8.0,0.0,1.0,0.0,1.0,2.0,0.0,1.8,13.0
1.0,2.0,6.213,2.0,8.0,0.0,1.0,0.0,1.0,2.0,0.0,1.8,13.0,0,-1,1.0,2.0,6.82,2.0,8.0,0.0,1.0,0.0,1.0,2.0,0.0,7.0,7.5
1.0,2.0,6.82,2.0,8.0,0.0,1.0,0.0,1.0,2.0,0.0,7.0,7.5,3,-1,1.0,2.0,6.84,2.0,8.0,0.0,2.0,0.0,1.0,2.0,0.0,7.0,6.5
1.0,2.0,6.84,2.0,8.0,0.0,2.0,0.0,1.0,2.0,0.0,7.0,6.5,2,-1,1.0,2.0,6.847,2.0,8.0,1.0,2.0,0.0,1.0,2.0,0.0,7.0,6.0
1.0,2.0,6.847,2.0,8.0,1.0,2.0,0.0,1.0,2.0,0.0,7.0,6.0,9,-1,1.0,2.0,6.857,2.0,8.0,1.0,2.0,0.0,1.0,2.0,0.0,7.0,5.0
1.0,3.0,5.807,3.0,7.0,0.0,3.0,0.0,0.0,3.0,0.0,1.8,2.5,11,-1,1.0,3.0,6.777,3.0,7.0,0.0,3.0,0.0,0.0,3.0,0.0,1.8,0.5
1.0,3.0,6.777,3.0,7.0,0.0,3.0,0.0,0.0,3.0,0.0,1.8,0.5,4,0,1.0,3.0,6.783,3.0,7.0,1.0,3.0,0.0,0.0,2.0,0.013,1.8,0.5
1.0,3.0,6.783,3.0,7.0,1.0,3.0,0.0,0.0,2.0,0.013,1.8,0.5,11,9,0.0,3.0,7.56,3.0,7.0,0.0,3.0,0.0,1.0,2.0,0.0,1.8,2.5
1.0,3.0,5.8,3.0,7.0,1.0,3.0,0.0,0.0,3.0,0.0,1.8,1.5,7,-1,1.0,3.0,5.803,3.0,7.0,0.0,3.0,0.0,1.0,3.0,0.0,1.8,1.5
1.0,3.0,5.803,3.0,7.0,0.0,3.0,0.0,1.0,3.0,0.0,1.8,1.5,11,9,0.0,1.0,5.173,3.0,7.0,0.0,3.0,0.0,0.0,3.0,2.0,1.8,0.5
1.0,3.0,5.903,3.0,7.0,1.0,3.0,0.0,0.0,3.0,0.4,1.8,0.5,3,-1,1.0,3.0,5.907,3.0,7.0,1.0,3.0,0.0,0.0,3.0,0.4,1.8,0.5
1.0,3.0,5.907,3.0,7.0,1.0,3.0,0.0,0.0,3.0,0.4,1.8,0.5,6,-1,1.0,3.0,5.913,3.0,7.0,1.0,2.0,0.0,0.0,3.0,0.427,1.8,0.5
1.0,3.0,5.913,3.0,7.0,1.0,2.0,0.0,0.0,3.0,0.427,1.8,0.5,11,9,0.0,3.0,7.013,3.0,7.0,0.0,1.0,0.0,0.0,3.0,0.44,1.8,0.5
1.0,3.0,5.8,3.0,7.0,0.0,3.0,0.0,0.0,3.0,0.0,1.8,0.5,2,-1,1.0,3.0,5.807,3.0,7.0,1.0,3.0,0.0,0.0,3.0,0.0,1.8,0.5
1.0,3.0,5.807,3.0,7.0,1.0,3.0,0.0,0.0,3.0,0.0,1.8,0.5,11,9,1.0,2.0,6.613,3.0,7.0,1.0,3.0,0.0,0.0,3.0,2.0,1.8,0.5
1.0,3.0,5.8,3.0,7.0,0.0,3.0,0.0,0.0,3.0,0.0,1.8,8.5,6,-1,0.0,3.0,5.617,3.0,7.0,1.0,3.0,0.0,0.0,3.0,1.32,1.8,0.5
0.0,3.0,5.617,3.0,7.0,1.0,3.0,0.0,0.0,3.0,1.32,1.8,0.5,6,-1,0.0,3.0,5.61,3.0,7.0,0.0,1.0,0.0,0.0,3.0,1.333,1.8,0.5
0.0,3.0,5.61,3.0,7.0,0.0,1.0,0.0,0.0,3.0,1.333,1.8,0.5,9,-1,0.0,3.0,5.61,3.0,7.0,0.0,1.0,0.0,0.0,3.0,1.333,9.0,0.5
0.0,3.0,5.61,3.0,7.0,0.0,1.0,0.0,0.0,3.0,1.333,9.0,0.5,9,-1,0.0,3.0,5.61,3.0,7.0,0.0,1.0,0.0,0.0,3.0,1.333,9.0,0.5
0.0,3.0,5.61,3.0,7.0,0.0,1.0,0.0,0.0,3.0,1.333,9.0,0.5,1,-1,0.0,3.0,5.61,3.0,7.0,0.0,1.0,0.0,0.0,3.0,1.333,7.0,0.5
0.0,3.0,5.61,3.0,7.0,0.0,1.0,0.0,0.0,3.0,1.333,7.0,0.5,3,-1,0.0,3.0,5.61,3.0,7.0,1.0,1.0,0.0,0.0,3.0,1.333,7.0,0.5
0.0,3.0,5.61,3.0,7.0,1.0,1.0,0.0,0.0,3.0,1.333,7.0,0.5,3,-1,0.0,3.0,5.607,3.0,7.0,1.0,2.0,0.0,0.0,3.0,1.333,7.0,0.5
0.0,3.0,5.607,3.0,7.0,1.0,2.0,0.0,0.0,3.0,1.333,7.0,0.5,4,0,0.0,3.0,5.603,3.0,7.0,1.0,2.0,0.0,0.0,3.0,1.347,7.0,0.5
0.0,3.0,5.603,3.0,7.0,1.0,2.0,0.0,0.0,3.0,1.347,7.0,0.5,0,-1,0.0,3.0,5.307,3.0,7.0,1.0,2.0,0.0,1.0,2.0,0.0,7.0,16.0
0.0,3.0,5.307,3.0,7.0,1.0,2.0,0.0,1.0,2.0,0.0,7.0,16.0,11,-1,0.0,3.0,4.483,3.0,7.0,1.0,2.0,0.0,1.0,2.0,0.0,7.0,13.0
1.0,3.0,5.8,3.0,7.0,1.0,3.0,0.0,1.0,3.0,0.0,1.8,11.0,11,-1,1.0,3.0,6.93,3.0,7.0,0.0,3.0,0.0,0.0,3.0,1.787,1.8,1.0
1.0,3.0,6.93,3.0,7.0,0.0,3.0,0.0,0.0,3.0,1.787,1.8,1.0,11,9,0.0,3.0,7.08,3.0,7.0,0.0,3.0,0.0,1.0,3.0,0.0,1.8,15.5
1.0,3.0,5.8,3.0,7.0,0.0,3.0,0.0,0.0,3.0,0.0,1.8,1.0,0,-1,1.0,3.0,6.097,3.0,7.0,1.0,3.0,0.0,0.0,3.0,1.173,1.8,1.0
1.0,3.0,6.097,3.0,7.0,1.0,3.0,0.0,0.0,3.0,1.173,1.8,1.0,2,-1,1.0,3.0,6.1,3.0,7.0,1.0,3.0,0.0,0.0,3.0,1.187,1.8,1.0
1.0,3.0,6.1,3.0,7.0,1.0,3.0,0.0,0.0,3.0,1.187,1.8,1.0,8,9,1.0,2.0,7.857,3.0,7.0,1.0,3.0,0.0,0.0,3.0,0.76,1.8,1.0
1.0,3.0,5.81,3.0,7.0,1.0,3.0,0.0,0.0,3.0,0.0,1.8,1.0,2,-1,1.0,3.0,5.813,3.0,7.0,1.0,3.0,0.0,0.0,3.0,0.013,1.8,1.0
1.0,3.0,5.813,3.0,7.0,1.0,3.0,0.0,0.0,3.0,0.013,1.8,1.0,3,-1,1.0,2.0,5.817,3.0,7.0,1.0,3.0,0.0,0.0,3.0,0.04,1.8,1.0
1.0,2.0,5.817,3.0,7.0,1.0,3.0,0.0,0.0,3.0,0.04,1.8,1.0,11,9,1.0,2.0,6.607,3.0,7.0,1.0,2.0,0.0,0.0,3.0,2.0,1.8,1.0
1.0,3.0,5.907,3.0,7.0,1.0,3.0,0.0,0.0,3.0,0.387,1.8,1.0,11,-1,1.0,3.0,6.95,3.0,7.0,0.0,3.0,0.0,1.0,3.0,0.0,1.8,1.0
1.0,3.0,6.95,3.0,7.0,0.0,3.0,0.0,1.0,3.0,0.0,1.8,1.0,11,-1,0.0,3.0,6.43,3.0,7.0,0.0,3.0,0.0,1.0,3.0,0.0,1.8,1.0
0.0,3.0,6.43,3.0,7.0,0.0,3.0,0.0,1.0,3.0,0.0,1.8,1.0,2,-1,0.0,3.0,6.43,3.0,7.0,0.0,3.0,0.0,0.0,3.0,0.0,1.8,1.0
0.0,3.0,6.43,3.0,7.0,0.0,3.0,0.0,0.0,3.0,0.0,1.8,1.0,11,19,1.0,2.0,7.403,3.0,7.0,0.0,3.0,0.0,0.0,3.0,2.0,1.8,1.0
1.0,3.0,5.8,3.0,7.0,0.0,3.0,0.0,0.0,3.0,0.0,1.8,1.0,4,0,0.0,3.0,5.63,3.0,7.0,1.0,3.0,0.0,0.0,3.0,1.653,1.8,1.0
0.0,3.0,5.63,3.0,7.0,1.0,3.0,0.0,0.0,3.0,1.653,1.8,1.0,7,-1,0.0,3.0,5.627,3.0,7.0,1.0,3.0,0.0,1.0,2.0,1.667,1.8,1.0
0.0,3.0,5.627,3.0,7.0,1.0,3.0,0.0,1.0,2.0,1.667,1.8,1.0,11,-1,0.0,1.0,5.61,3.0,7.0,1.0,3.0,0.0,1.0,2.0,0.0,1.8,19.5
0.0,1.0,5.61,3.0,7.0,1.0,3.0,0.0,1.0,2.0,0.0,1.8,19.5,10,-1,0.0,1.0,5.607,3.0,7.0,1.0,3.0,0.0,1.0,2.0,0.0,1.8,19.0
0.0,1.0,5.607,3.0,7.0,1.0,3.0,0.0,1.0,2.0,0.0,1.8,19.0,3,-1,0.0,1.0,5.603,5.0,7.0,0.0,3.0,0.0,1.0,2.0,0.0,1.8,18.0
0.0,1.0,5.603,5.0,7.0,0.0,3.0,0.0,1.0,2.0,0.0,1.8,18.0,2,-1,0.0,1.0,5.603,5.0,7.0,1.0,2.0,0.0,1.0,2.0,0.0,1.8,17.5
0.0,1.0,5.603,5.0,7.0,1.0,2.0,0.0,1.0,2.0,0.0,1.8,17.5,5,-1,0.0,1.0,5.6,5.0,7.0,1.0,2.0,0.0,0.0,1.0,0.0,1.8,17.0
0.0,1.0,5.6,5.0,7.0,1.0,2.0,0.0,0.0,1.0,0.0,1.8,17.0,2,-1,1.0,2.0,5.6,5.0,7.0,1.0,2.0,0.0,0.0,1.0,0.0,1.8,17.0
1.0,2.0,5.6,5.0,7.0,1.0,2.0,0.0,0.0,1.0,0.0,1.8,17.0,11,-1,1.0,2.0,6.42,5.0,7.0,1.0,2.0,0.0,0.0,1.0,0.0,1.8,17.0
1.0,2.0,6.42,5.0,7.0,1.0,2.0,0.0,0.0,1.0,0.0,1.8,17.0,8,9,1.0,2.0,7.843,5.0,7.0,1.0,2.0,0.0,0.0,1.0,0.0,1.8,17.0
1.0,3.0,5.8,3.0,7.0,1.0,3.0,0.0,1.0,3.0,0.0,1.8,13.0,6,-1,1.0,3.0,5.81,3.0,7.0,0.0,3.0,0.0,1.0,3.0,0.0,1.8,12.5
1.0,3.0,5.81,3.0,7.0,0.0,3.0,0.0,1.0,3.0,0.0,1.8,12.5,11,9,0.0,3.0,7.017,3.0,7.0,0.0,1.0,0.0,0.0,3.0,0.0,1.8,0.5
1.0,3.0,5.917,3.0,7.0,0.0,3.0,0.0,0.0,3.0,0.4,1.8,0.5,4,0,1.0,3.0,5.923,3.0,7.0,0.0,3.0,0.0,0.0,3.0,0.413,1.8,0.5
1.0,3.0,5.923,3.0,7.0,0.0,3.0,0.0,0.0,3.0,0.413,1.8,0.5,10,-1,1.0,3.0,5.923,3.0,7.0,1.0,3.0,0.0,1.0,2.0,0.413,1.8,0.0
1.0,3.0,5.923,3.0,7.0,1.0,3.0,0.0,1.0,2.0,0.413,1.8,0.0,8,-1,0.0,3.0,7.997,1.0,8.0,0.0,3.0,0.0,1.0,2.0,0.0,1.8,6.5
0.0,3.0,7.997,1.0,8.0,0.0,3.0,0.0,1.0,2.0,0.0,1.8,6.5,5,-1,0.0,3.0,7.997,1.0,8.0,0.0,3.0,0.0,1.0,2.0,0.0,1.8,5.5
0.0,3.0,7.997,1.0,8.0,0.0,3.0,0.0,1.0,2.0,0.0,1.8,5.5,10,9,0.0,3.0,7.997,2.0,5.0,0.0,3.0,0.0,0.0,1.0,0.0,1.8,5.5
1.0,3.0,5.8,3.0,7.0,1.0,3.0,0.0,1.0,3.0,0.0,1.8,2.0,3,-1,1.0,3.0,5.807,3.0,7.0,1.0,3.0,0.0,1.0,3.0,0.0,1.8,1.5
1.0,3.0,5.807,3.0,7.0,1.0,3.0,0.0,1.0,3.0,0.0,1.8,1.5,1,9,0.0,3.0,6.813,3.0,7.0,1.0,2.0,0.0,0.0,3.0,2.0,1.8,1.0
1.0,3.0,5.8,3.0,7.0,0.0,3.0,0.0,0.0,3.0,0.0,1.8,1.0,4,0,1.0,3.0,5.813,3.0,7.0,1.0,3.0,0.0,0.0,2.0,0.013,1.8,1.0
1.0,3.0,5.813,3.0,7.0,1.0,3.0,0.0,0.0,2.0,0.013,1.8,1.0,1,-1,0.0,3.0,6.953,3.0,7.0,0.0,3.0,0.0,1.0,2.0,0.0,1.8,8.5
0.0,3.0,6.953,3.0,7.0,0.0,3.0,0.0,1.0,2.0,0.0,1.8,8.5,11,-1,0.0,3.0,6.927,3.0,7.0,0.0,3.0,0.0,1.0,2.0,0.0,1.8,7.5
0.0,3.0,6.927,3.0,7.0,0.0,3.0,0.0,1.0,2.0,0.0,1.8,7.5,6,-1,0.0,3.0,6.927,3.0,7.0,0.0,3.0,0.0,1.0,2.0,0.0,1.8,7.0
0.0,3.0,6.927,3.0,7.0,0.0,3.0,0.0,1.0,2.0,0.0,1.8,7.0,5,-1,0.0,3.0,6.927,3.0,7.0,0.0,1.0,0.0,1.0,2.0,0.0,1.8,6.0
0.0,3.0,6.927,3.0,7.0,0.0,1.0,0.0,1.0,2.0,0.0,1.8,6.0,2,-1,0.0,3.0,6.927,3.0,7.0,0.0,1.0,0.0,0.0,1.0,0.0,1.8,6.0
0.0,3.0,6.927,3.0,7.0,0.0,1.0,0.0,0.0,1.0,0.0,1.8,6.0,11,9,1.0,2.0,8.5,3.0,7.0,0.0,1.0,0.0,0.0,1.0,0.0,1.8,6.0
1.0,3.0,5.8,3.0,7.0,0.0,3.0,0.0,0.0,3.0,0.0,1.8,1.0,9,-1,0.0,3.0,5.607,3.0,7.0,1.0,3.0,0.0,0.0,3.0,1.72,1.8,1.0
0.0,3.0,5.607,3.0,7.0,1.0,3.0,0.0,0.0,3.0,1.72,1.8,1.0,11,-1,0.0,3.0,5.103,3.0,7.0,0.0,3.0,0.0,0.0,3.0,2.0,8.0,1.0
0.0,3.0,5.103,3.0,7.0,0.0,3.0,0.0,0.0,3.0,2.0,8.0,1.0,5,-1,0.0,3.0,5.103,3.0,7.0,0.0,3.0,0.0,0.0,3.0,2.0,8.0,1.0
0.0,3.0,5.103,3.0,7.0,0.0,3.0,0.0,0.0,3.0,2.0,8.0,1.0,1,-1,0.0,3.0,3.91,3.0,7.0,1.0,3.0,0.0,0.0,1.0,2.0,8.0,1.0
0.0,3.0,3.91,3.0,7.0,1.0,3.0,0.0,0.0,1.0,2.0,8.0,1.0,11,-1,0.0,3.0,3.407,3.0,7.0,1.0,3.0,0.0,0.0,1.0,2.0,8.0,1.0
0.0,3.0,3.407,3.0,7.0,1.0,3.0,0.0,0.0,1.0,2.0,8.0,1.0,1,-1,1.0,3.0,3.873,3.0,7.0,1.0,3.0,0.0,0.0,1.0,2.0,8.0,1.0
1.0,3.0,3.873,3.0,7.0,1.0,3.0,0.0,0.0,1.0,2.0,8.0,1.0,8,-1,1.0,3.0,5.163,3.0,7.0,1.0,3.0,0.0,0.0,1.0,2.0,8.0,1.0
1.0,3.0,5.163,3.0,7.0,1.0,3.0,0.0,0.0,1.0,2.0,8.0,1.0,11,-1,1.0,3.0,6.227,3.0,7.0,1.0,3.0,0.0,0.0,1.0,2.0,8.0,1.0
1.0,3.0,6.227,3.0,7.0,1.0,3.0,0.0,0.0,1.0,2.0,8.0,1.0,1,-1,0.0,3.0,6.5,3.0,7.0,1.0,3.0,0.0,0.0,1.0,2.0,8.0,1.0
0.0,3.0,6.5,3.0,7.0,1.0,3.0,0.0,0.0,1.0,2.0,8.0,1.0,5,-1,0.0,3.0,6.497,3.0,7.0,1.0,3.0,0.0,0.0,1.0,2.0,8.0,1.0
1.0,3.0,5.8,3.0,7.0,0.0,3.0,0.0,0.0,3.0,0.0,1.8,1.0,11,-1,1.0,3.0,6.877,3.0,7.0,0.0,3.0,0.0,1.0,3.0,0.0,1.8,16.0
1.0,3.0,6.877,3.0,7.0,0.0,3.0,0.0,1.0,3.0,0.0,1.8,16.0,11,-1,0.0,3.0,6.863,3.0,7.0,1.0,3.0,0.0,0.0,3.0,0.573,1.8,1.0
0.0,3.0,6.863,3.0,7.0,1.0,3.0,0.0,0.0,3.0,0.573,1.8,1.0,10,-1,0.0,3.0,6.863,3.0,7.0,1.0,3.0,0.0,0.0,3.0,0.587,1.8,1.0
0.0,3.0,6.863,3.0,7.0,1.0,3.0,0.0,0.0,3.0,0.587,1.8,1.0,11,9,0.0,3.0,6.347,1.0,8.0,0.0,3.0,0.0,0.0,3.0,2.0,1.8,1.0
1.0,3.0,5.8,3.0,7.0,1.0,3.0,0.0,0.0,3.0,0.0,1.8,1.0,8,-1,0.0,3.0,6.99,3.0,7.0,0.0,3.0,0.0,0.0,3.0,0.0,1.8,1.0
0.0,3.0,6.99,3.0,7.0,0.0,3.0,0.0,0.0,3.0,0.0,1.8,1.0,2,-1,0.0,3.0,6.99,3.0,7.0,0.0,3.0,0.0,0.0,3.0,0.0,1.8,1.0
0.0,3.0,6.99,3.0,7.0,0.0,3.0,0.0,0.0,3.0,0.0,1.8,1.0,2,-1,1.0,2.0,6.993,3.0,7.0,1.0,3.0,0.0,0.0,3.0,0.0,1.8,1.0
1.0,2.0,6.993,3.0,7.0,1.0,3.0,0.0,0.0,3.0,0.0,1.8,1.0,11,19,1.0,2.0,8.08,3.0,7.0,0.0,3.0,0.0,0.0,3.0,1.987,1.8,1.0
1.0,3.0,5.8,3.0,7.0,1.0,3.0,0.0,0.0,3.0,0.0,1.8,1.0,11,-1,1.0,3.0,6.923,3.0,7.0,0.0,3.0,0.0,0.0,3.0,1.76,1.8,1.0
1.0,3.0,6.923,3.0,7.0,0.0,3.0,0.0,0.0,3.0,1.76,1.8,1.0,1,-1,0.0,3.0,6.077,3.0,7.0,1.0,3.0,0.0,0.0,3.0,1.76,1.8,0.5
0.0,3.0,6.077,3.0,7.0,1.0,3.0,0.0,0.0,3.0,1.76,1.8,0.5,9,-1,0.0,3.0,6.073,3.0,7.0,1.0,3.0,0.0,0.0,3.0,1.773,7.0,0.5
0.0,3.0,6.073,3.0,7.0,1.0,3.0,0.0,0.0,3.0,1.773,7.0,0.5,2,-1,0.0,3.0,6.067,3.0,7.0,1.0,3.0,0.0,0.0,3.0,1.8,7.0,0.5
0.0,3.0,6.067,3.0,7.0,1.0,3.0,0.0,0.0,3.0,1.8,7.0,0.5,4,0,1.0,2.0,6.07,3.0,7.0,1.0,3.0,0.0,0.0,3.0,1.813,7.0,0.5
1.0,2.0,6.07,3.0,7.0,1.0,3.0,0.0,0.0,3.0,1.813,7.0,0.5,4,0,1.0,2.0,6.073,3.0,7.0,1.0,3.0,0.0,0.0,2.0,1.827,7.0,0.5
1.0,2.0,6.073,3.0,7.0,1.0,3.0,0.0,0.0,2.0,1.827,7.0,0.5,2,-1,1.0,2.0,6.077,3.0,7.0,1.0,3.0,0.0,1.0,2.0,1.853,7.0,19.5
1.0,2.0,6.077,3.0,7.0,1.0,3.0,0.0,1.0,2.0,1.853,7.0,19.5,1,9,1.0,2.0,8.447,3.0,7.0,0.0,3.0,0.0,1.0,2.0,0.0,7.0,17.0
1.0,3.0,5.807,3.0,7.0,1.0,3.0,0.0,0.0,3.0,0.0,1.8,0.5,11,-1,1.0,3.0,6.743,3.0,7.0,0.0,3.0,0.0,1.0,3.0,0.0,1.8,1.0
1.0,3.0,6.743,3.0,7.0,0.0,3.0,0.0,1.0,3.0,0.0,1.8,1.0,0,-1,0.0,3.0,6.96,3.0,7.0,1.0,3.0,0.0,0.0,3.0,1.12,1.8,0.5
0.0,3.0,6.96,3.0,7.0,1.0,3.0,0.0,0.0,3.0,1.12,1.8,0.5,3,-1,0.0,3.0,6.957,3.0,7.0,1.0,3.0,0.0,0.0,3.0,1.133,1.8,0.5
0.0,3.0,6.957,3.0,7.0,1.0,3.0,0.0,0.0,3.0,1.133,1.8,0.5,11,9,0.0,3.0,6.15,3.0,7.0,1.0,2.0,0.0,0.0,3.0,2.0,1.8,0.5
1.0,3.0,5.8,3.0,7.0,0.0,3.0,0.0,0.0,3.0,0.0,1.8,0.5,11,-1,0.0,3.0,5.6,3.0,7.0,0.0,3.0,0.0,1.0,3.0,0.0,1.8,7.5
0.0,3.0,5.6,3.0,7.0,0.0,3.0,0.0,1.0,3.0,0.0,1.8,7.5,11,9,0.0,3.0,4.867,3.0,7.0,1.0,3.0,0.0,0.0,3.0,2.0,1.8,0.0
1.0,3.0,5.8,3.0,7.0,0.0,3.0,0.0,0.0,3.0,0.027,1.8,0.0,8,-1,0.0,3.0,6.913,3.0,7.0,1.0,3.0,0.0,0.0,3.0,0.253,1.8,1.0
0.0,3.0,6.913,3.0,7.0,1.0,3.0,0.0,0.0,3.0,0.253,1.8,1.0,1,-1,0.0,3.0,5.923,3.0,7.0,1.0,3.0,0.0,0.0,3.0,0.48,1.8,1.0
0.0,3.0,5.923,3.0,7.0,1.0,3.0,0.0,0.0,3.0,0.48,1.8,1.0,8,-1,0.0,3.0,4.937,3.0,7.0,1.0,3.0,0.0,0.0,3.0,0.627,1.8,1.0
0.0,3.0,4.937,3.0,7.0,1.0,3.0,0.0,0.0,3.0,0.627,1.8,1.0,10,-1,0.0,3.0,4.93,3.0,7.0,1.0,3.0,0.0,0.0,3.0,0.653,1.8,1.0
0.0,3.0,4.93,3.0,7.0,1.0,3.0,0.0,0.0,3.0,0.653,1.8,1.0,3,-1,0.0,3.0,4.927,1.0,8.0,1.0,3.0,0.0,0.0,3.0,0.68,1.8,1.0
0.0,3.0,4.927,1.0,8.0,1.0,3.0,0.0,0.0,3.0,0.68,1.8,1.0,4,0,0.0,3.0,4.923,1.0,8.0,1.0,2.0,0.0,0.0,2.0,0.693,1.8,1.0
0.0,3.0,4.923,1.0,8.0,1.0,2.0,0.0,0.0,2.0,0.693,1.8,1.0,0,-1,0.0,3.0,4.62,1.0,8.0,1.0,2.0,0.0,1.0,2.0,0.0,1.8,16.5
0.0,3.0,4.62,1.0,8.0,1.0,2.0,0.0,1.0,2.0,0.0,1.8,16.5,1,-1,0.0,3.0,3.403,1.0,8.0,1.0,2.0,0.0,1.0,2.0,0.0,1.8,14.0
0.0,3.0,3.403,1.0,8.0,1.0,2.0,0.0,1.0,2.0,0.0,1.8,14.0,1,-1,0.0,3.0,1.98,1.0,8.0,1.0,2.0,0.0,1.0,2.0,0.027,1.8,0.0
0.0,3.0,1.98,1.0,8.0,1.0,2.0,0.0,1.0,2.0,0.027,1.8,0.0,8,-1,1.0,3.0,1.3,1.0,8.0,1.0,2.0,0.0,1.0,2.0,0.0,1.8,6.5
1.0,3.0,5.8,3.0,7.0,1.0,3.0,0.0,1.0,3.0,0.0,1.8,4.5,11,-1,1.0,3.0,6.977,3.0,7.0,0.0,3.0,0.0,1.0,3.0,0.0,1.8,16.5
1.0,3.0,6.977,3.0,7.0,0.0,3.0,0.0,1.0,3.0,0.0,1.8,16.5,5,-1,1.0,3.0,6.99,3.0,7.0,0.0,3.0,0.0,0.0,3.0,0.0,1.8,16.0
1.0,3.0,6.99,3.0,7.0,0.0,3.0,0.0,0.0,3.0,0.0,1.8,16.0,11,9,0.0,3.0,7.01,3.0,7.0,0.0,3.0,0.0,0.0,1.0,0.0,1.8,16.0
1.0,3.0,5.803,3.0,7.0,1.0,3.0,0.0,0.0,3.0,0.0,1.8,11.5,11,9,1.0,3.0,6.683,3.0,7.0,1.0,3.0,0.0,0.0,3.0,2.0,1.8,0.5
1.0,3.0,5.91,3.0,7.0,1.0,3.0,0.0,0.0,3.0,0.413,1.8,0.5,11,9,1.0,3.0,6.687,3.0,7.0,1.0,3.0,0.0,0.0,3.0,2.0,1.8,0.5
1.0,3.0,5.8,3.0,7.0,1.0,3.0,0.0,0.0,3.0,0.0,1.8,0.5,6,-1,0.0,3.0,5.613,3.0,7.0,1.0,3.0,0.0,0.0,3.0,1.72,1.8,0.5
0.0,3.0,5.613,3.0,7.0,1.0,3.0,0.0,0.0,3.0,1.72,1.8,0.5,8,-1,0.0,3.0,5.61,3.0,7.0,0.0,1.0,0.0,0.0,3.0,1.733,1.8,0.5
0.0,3.0,5.61,3.0,7.0,0.0,1.0,0.0,0.0,3.0,1.733,1.8,0.5,11,-1,0.0,3.0,5.61,3.0,7.0,0.0,1.0,0.0,0.0,3.0,1.733,1.8,0.5
0.0,3.0,5.61,3.0,7.0,0.0,1.0,0.0,0.0,3.0,1.733,1.8,0.5,0,-1,0.0,3.0,5.61,3.0,7.0,0.0,1.0,0.0,0.0,3.0,1.733,1.8,0.5
0.0,3.0,5.61,3.0,7.0,0.0,1.0,0.0,0.0,3.0,1.733,1.8,0.5,9,-1,0.0,3.0,5.61,3.0,7.0,0.0,1.0,0.0,0.0,3.0,1.733,1.8,0.5
0.0,3.0,5.61,3.0,7.0,0.0,1.0,0.0,0.0,3.0,1.733,1.8,0.5,8,-1,0.0,3.0,5.61,3.0,7.0,0.0,1.0,0.0,0.0,3.0,1.733,7.0,0.5
0.0,3.0,5.61,3.0,7.0,0.0,1.0,0.0,0.0,3.0,1.733,7.0,0.5,4,0,0.0,3.0,5.61,3.0,7.0,0.0,1.0,0.0,1.0,2.0,1.733,7.0,0.5
0.0,3.0,5.61,3.0,7.0,0.0,1.0,0.0,1.0,2.0,1.733,7.0,0.5,4,-2,0.0,3.0,5.61,3.0,7.0,0.0,1.0,0.0,1.0,2.0,1.733,7.0,19.5
0.0,3.0,5.61,3.0,7.0,0.0,1.0,0.0,1.0,2.0,1.733,7.0,19.5,4,-2,0.0,3.0,5.61,3.0,7.0,0.0,1.0,0.0,1.0,2.0,0.0,7.0,19.0
0.0,3.0,5.61,3.0,7.0,0.0,1.0,0.0,1.0,2.0,0.0,7.0,19.0,5,-1,0.0,3.0,5.61,3.0,7.0,0.0,1.0,0.0,0.0,1.0,0.0,7.0,18.5
1.0,3.0,5.8,3.0,7.0,0.0,3.0,0.0,0.0,3.0,0.0,1.8,13.0,5,-1,1.0,3.0,5.807,3.0,7.0,1.0,3.0,0.0,1.0,3.0,0.0,1.8,12.5
1.0,3.0,5.807,3.0,7.0,1.0,3.0,0.0,1.0,3.0,0.0,1.8,12.5,11,9,0.0,3.0,7.02,3.0,7.0,0.0,3.0,0.0,0.0,1.0,0.0,1.8,12.0
1.0,3.0,5.93,3.0,7.0,1.0,3.0,0.0,0.0,3.0,0.253,1.8,0.5,10,-1,1.0,3.0,5.933,3.0,7.0,1.0,3.0,0.0,0.0,3.0,0.267,1.8,0.5
1.0,3.0,5.933,3.0,7.0,1.0,3.0,0.0,0.0,3.0,0.267,1.8,0.5,8,-1,1.0,3.0,7.643,4.0,8.0,1.0,3.0,0.0,0.0,3.0,1.053,1.8,0.5
1.0,3.0,7.643,4.0,8.0,1.0,3.0,0.0,0.0,3.0,1.053,1.8,0.5,10,-1,1.0,3.0,7.65,4.0,8.0,1.0,3.0,0.0,0.0,3.0,1.08,1.8,0.5
1.0,3.0,7.65,4.0,8.0,1.0,3.0,0.0,0.0,3.0,1.08,1.8,0.5,11,9,0.0,3.0,7.983,0.0,8.0,1.0,3.0,0.0,0.0,3.0,2.0,1.8,0.5
1.0,3.0,5.8,3.0,7.0,0.0,3.0,0.0,0.0,3.0,0.0,1.8,0.5,8,-1,0.0,3.0,6.94,3.0,7.0,1.0,3.0,0.0,0.0,3.0,0.24,1.8,0.5
0.0,3.0,6.94,3.0,7.0,1.0,3.0,0.0,0.0,3.0,0.24,1.8,0.5,7,-1,0.0,3.0,6.933,3.0,7.0,1.0,3.0,0.0,0.0,3.0,0.267,1.8,0.5
0.0,3.0,6.933,3.0,7.0,1.0,3.0,0.0,0.0,3.0,0.267,1.8,0.5,3,-1,0.0,1.0,6.927,3.0,7.0,1.0,3.0,0.0,0.0,3.0,0.293,1.8,0.5
0.0,1.0,6.927,3.0,7.0,1.0,3.0,0.0,0.0,3.0,0.293,1.8,0.5,2,-1,0.0,1.0,6.927,3.0,7.0,1.0,2.0,0.0,0.0,3.0,0.307,1.8,0.5
0.0,1.0,6.927,3.0,7.0,1.0,2.0,0.0,0.0,3.0,0.307,1.8,0.5,6,-1,0.0,1.0,6.92,3.0,7.0,1.0,2.0,0.0,0.0,3.0,0.32,1.8,0.5
0.0,1.0,6.92,3.0,7.0,1.0,2.0,0.0,0.0,3.0,0.32,1.8,0.5,6,-1,1.0,2.0,6.923,3.0,7.0,0.0,1.0,0.0,0.0,3.0,0.347,1.8,0.5
1.0,2.0,6.923,3.0,7.0,0.0,1.0,0.0,0.0,3.0,0.347,1.8,0.5,4,0,1.0,2.0,6.93,3.0,7.0,0.0,1.0,0.0,0.0,3.0,0.347,1.8,0.5
1.0,2.0,6.93,3.0,7.0,0.0,1.0,0.0,0.0,3.0,0.347,1.8,0.5,6,-1,1.0,2.0,6.937,3.0,7.0,0.0,1.0,0.0,1.0,2.0,0.347,1.8,0.5
1.0,2.0,6.937,3.0,7.0,0.0,1.0,0.0,1.0,2.0,0.347,1.8,0.5,9,-1,1.0,2.0,6.95,3.0,7.0,0.0,1.0,0.0,1.0,2.0,0.347,1.8,19.5
1.0,2.0,6.95,3.0,7.0,0.0,1.0,0.0,1.0,2.0,0.347,1.8,19.5,6,-1,1.0,2.0,6.957,3.0,7.0,0.0,1.0,0.0,1.0,2.0,0.0,8.0,19.0
1.0,3.0,5.807,3.0,7.0,0.0,3.0,0.0,0.0,3.0,0.0,1.8,1.0,10,-1,1.0,3.0,5.813,3.0,7.0,0.0,3.0,0.0,0.0,3.0,0.013,1.8,1.0
1.0,3.0,5.813,3.0,7.0,0.0,3.0,0.0,0.0,3.0,0.013,1.8,1.0,11,9,0.0,3.0,5.24,3.0,5.0,0.0,3.0,0.0,1.0,3.0,0.0,1.8,1.0
1.0,3.0,5.91,3.0,7.0,1.0,3.0,0.0,0.0,3.0,0.4,1.8,1.0,11,9,0.0,3.0,4.987,3.0,7.0,0.0,3.0,0.0,0.0,3.0,2.0,1.8,1.0
1.0,3.0,5.8,3.0,7.0,0.0,3.0,0.0,0.0,3.0,0.013,1.8,1.0,11,-1,1.0,3.0,6.797,3.0,7.0,0.0,3.0,0.0,1.0,3.0,0.0,1.8,3.0
1.0,3.0,6.797,3.0,7.0,0.0,3.0,0.0,1.0,3.0,0.0,1.8,3.0,4,0,1.0,3.0,6.803,3.0,7.0,0.0,3.0,0.0,1.0,3.0,0.0,1.8,2.5
1.0,3.0,6.803,3.0,7.0,0.0,3.0,0.0,1.0,3.0,0.0,1.8,2.5,8,-1,0.0,3.0,6.963,3.0,7.0,0.0,3.0,0.0,1.0,2.0,0.0,1.8,9.0
0.0,3.0,6.963,3.0,7.0,0.0,3.0,0.0,1.0,2.0,0.0,1.8,9.0,11,-1,0.0,3.0,6.947,3.0,7.0,0.0,3.0,0.0,1.0,2.0,0.0,1.8,10.0
0.0,3.0,6.947,3.0,7.0,0.0,3.0,0.0,1.0,2.0,0.0,1.8,10.0,5,-1,0.0,3.0,6.947,3.0,7.0,0.0,3.0,0.0,1.0,2.0,0.0,1.8,9.5
0.0,3.0,6.947,3.0,7.0,0.0,3.0,0.0,1.0,2.0,0.0,1.8,9.5,7,-1,0.0,3.0,6.947,3.0,7.0,0.0,3.0,0.0,0.0,1.0,0.0,1.8,9.5
0.0,3.0,6.947,3.0,7.0,0.0,3.0,0.0,0.0,1.0,0.0,1.8,9.5,11,-1,0.0,1.0,6.947,3.0,7.0,0.0,3.0,0.0,0.0,1.0,0.0,1.8,9.5
0.0,1.0,6.947,3.0,7.0,0.0,3.0,0.0,0.0,1.0,0.0,1.8,9.5,7,-1,0.0,1.0,6.947,3.0,7.0,0.0,3.0,0.0,0.0,1.0,0.0,1.8,9.5
0.0,1.0,6.947,3.0,7.0,0.0,3.0,0.0,0.0,1.0,0.0,1.8,9.5,6,-1,0.0,1.0,6.947,3.0,7.0,0.0,1.0,0.0,0.0,1.0,0.0,1.8,9.5
0.0,1.0,6.947,3.0,7.0,0.0,1.0,0.0,0.0,1.0,0.0,1.8,9.5,11,-1,0.0,1.0,6.947,3.0,7.0,0.0,1.0,0.0,0.0,1.0,0.0,1.8,9.5
1.0,3.0,5.8,3.0,7.0,1.0,3.0,0.0,1.0,3.0,0.0,1.8,5.0,11,9,1.0,3.0,6.947,3.0,7.0,0.0,3.0,0.0,0.0,3.0,2.0,1.8,1.0
1.0,3.0,5.907,3.0,7.0,1.0,3.0,0.0,0.0,3.0,0.373,1.8,1.0,1,-1,0.0,3.0,6.9,3.0,7.0,1.0,3.0,0.0,0.0,3.0,0.307,1.8,1.0
0.0,3.0,6.9,3.0,7.0,1.0,3.0,0.0,0.0,3.0,0.307,1.8,1.0,11,9,0.0,3.0,6.33,3.0,7.0,0.0,3.0,0.0,0.0,3.0,2.0,1.8,1.0
1.0,3.0,5.8,3.0,7.0,0.0,3.0,0.0,0.0,3.0,0.0,1.8,1.0,11,-1,1.0,3.0,6.943,3.0,7.0,0.0,3.0,0.0,0.0,3.0,1.627,1.8,1.0
1.0,3.0,6.943,3.0,7.0,0.0,3.0,0.0,0.0,3.0,1.627,1.8,1.0,9,-1,1.0,3.0,6.95,3.0,7.0,0.0,3.0,0.0,0.0,3.0,1.627,1.8,1.0
1.0,3.0,6.95,3.0,7.0,0.0,3.0,0.0,0.0,3.0,1.627,1.8,1.0,4,0,1.0,3.0,6.963,3.0,7.0,0.0,3.0,0.0,0.0,3.0,1.627,1.8,1.0
1.0,3.0,6.963,3.0,7.0,0.0,3.0,0.0,0.0,3.0,1.627,1.8,1.0,3,-1,1.0,3.0,6.97,3.0,7.0,0.0,3.0,0.0,1.0,2.0,1.627,8.0,0.0
1.0,3.0,6.97,3.0,7.0,0.0,3.0,0.0,1.0,2.0,1.627,8.0,0.0,10,-1,1.0,3.0,6.983,3.0,7.0,0.0,3.0,0.0,1.0,2.0,1.627,8.0,19.5
1.0,3.0,6.983,3.0,7.0,0.0,3.0,0.0,1.0,2.0,1.627,8.0,19.5,4,-2,1.0,3.0,6.99,3.0,7.0,0.0,3.0,0.0,1.0,2.0,0.0,8.0,18.5
1.0,3.0,6.99,3.0,7.0,0.0,3.0,0.0,1.0,2.0,0.0,8.0,18.5,9,9,0.0,3.0,7.003,2.0,6.0,1.0,2.0,0.0,1.0,2.0,0.0,8.0,18.0
1.0,3.0,5.96,3.0,7.0,1.0,3.0,0.0,0.0,3.0,0.16,1.8,0.5,3,9,0.0,3.0,5.493,3.0,7.0,1.0,2.0,0.0,1.0,3.0,1.84,1.8,0.0
1.0,3.0,5.813,3.0,7.0,0.0,3.0,0.0,0.0,3.0,0.0,1.8,1.0,0,-1,1.0,3.0,6.123,3.0,7.0,1.0,3.0,0.0,0.0,3.0,1.227,1.8,1.0
1.0,3.0,6.123,3.0,7.0,1.0,3.0,0.0,0.0,3.0,1.227,1.8,1.0,11,19,0.0,3.0,7.02,3.0,7.0,0.0,3.0,0.0,0.0,3.0,2.0,1.8,1.0
1.0,3.0,5.8,3.0,7.0,0.0,3.0,0.0,0.0,3.0,0.013,1.8,1.0,7,-1,1.0,3.0,5.807,3.0,7.0,1.0,3.0,0.0,0.0,3.0,0.027,1.8,1.0
1.0,3.0,5.807,3.0,7.0,1.0,3.0,0.0,0.0,3.0,0.027,1.8,1.0,11,-1,0.0,1.0,5.327,3.0,7.0,0.0,3.0,0.0,1.0,3.0,0.0,1.8,3.0
0.0,1.0,5.327,3.0,7.0,0.0,3.0,0.0,1.0,3.0,0.0,1.8,3.0,11,9,0.0,1.0,4.82,3.0,7.0,0.0,3.0,0.0,0.0,3.0,2.0,1.8,1.0
1.0,3.0,5.803,3.0,7.0,0.0,3.0,0.0,0.0,3.0,0.0,1.8,12.5,11,9,1.0,3.0,6.83,3.0,7.0,0.0,3.0,0.0,0.0,3.0,2.0,1.8,0.5
1.0,3.0,5.903,3.0,7.0,1.0,3.0,0.0,0.0,3.0,0.387,1.8,0.5,2,-1,1.0,3.0,5.907,3.0,7.0,1.0,3.0,0.0,0.0,3.0,0.413,1.8,0.5
1.0,3.0,5.907,3.0,7.0,1.0,3.0,0.0,0.0,3.0,0.413,1.8,0.5,11,9,1.0,2.0,6.72,3.0,7.0,1.0,3.0,0.0,0.0,3.0,2.0,1.8,0.5
1.0,3.0,5.8,3.0,7.0,1.0,3.0,0.0,0.0,3.0,0.0,1.8,0.5,10,-1,0.0,3.0,5.637,3.0,7.0,1.0,3.0,0.0,0.0,3.0,1.733,1.8,0.5
0.0,3.0,5.637,3.0,7.0,1.0,3.0,0.0,0.0,3.0,1.733,1.8,0.5,11,-1,0.0,3.0,5.607,2.0,7.0,0.0,3.0,0.0,0.0,3.0,0.0,1.8,0.5
0.0,3.0,5.607,2.0,7.0,0.0,3.0,0.0,0.0,3.0,0.0,1.8,0.5,11,9,0.0,3.0,4.867,2.0,7.0,1.0,3.0,0.0,0.0,3.0,2.0,1.8,0.5
1.0,3.0,5.803,3.0,7.0,0.0,3.0,0.0,0.0,3.0,0.013,1.8,0.5,9,-1,1.0,3.0,5.817,3.0,7.0,1.0,3.0,0.0,0.0,3.0,0.013,1.8,0.5
1.0,3.0,5.817,3.0,7.0,1.0,3.0,0.0,0.0,3.0,0.013,1.8,0.5,11,-1,1.0,3.0,6.633,3.0,7.0,1.0,3.0,0.0,0.0,3.0,2.0,8.0,0.5
1.0,3.0,6.633,3.0,7.0,1.0,3.0,0.0,0.0,3.0,2.0,8.0,0.5,11,-1,0.0,3.0,6.77,3.0,7.0,1.0,3.0,0.0,0.0,3.0,2.0,8.0,0.5
0.0,3.0,6.77,3.0,7.0,1.0,3.0,0.0,0.0,3.0,2.0,8.0,0.5,9,-1,0.0,3.0,6.767,3.0,7.0,1.0,3.0,0.0,0.0,3.0,2.0,7.0,0.5
0.0,3.0,6.767,3.0,7.0,1.0,3.0,0.0,0.0,3.0,2.0,7.0,0.5,5,-1,0.0,3.0,6.763,3.0,7.0,1.0,3.0,0.0,0.0,3.0,2.0,7.0,0.5
0.0,3.0,6.763,3.0,7.0,1.0,3.0,0.0,0.0,3.0,2.0,7.0,0.5,11,-1,0.0,3.0,5.957,3.0,7.0,1.0,3.0,0.0,0.0,1.0,2.0,7.0,0.5
0.0,3.0,5.957,3.0,7.0,1.0,3.0,0.0,0.0,1.0,2.0,7.0,0.5,5,-1,0.0,3.0,5.95,3.0,7.0,1.0,3.0,0.0,0.0,1.0,2.0,7.0,0.5
0.0,3.0,5.95,3.0,7.0,1.0,3.0,0.0,0.0,1.0,2.0,7.0,0.5,5,-1,0.0,3.0,5.947,3.0,7.0,1.0,3.0,0.0,0.0,1.0,2.0,7.0,0.5
0.0,3.0,5.947,3.0,7.0,1.0,3.0,0.0,0.0,1.0,2.0,7.0,0.5,0,-1,0.0,3.0,5.65,3.0,7.0,1.0,3.0,0.0,0.0,1.0,2.0,7.0,0.5
0.0,3.0,5.65,3.0,7.0,1.0,3.0,0.0,0.0,1.0,2.0,7.0,0.5,6,-1,0.0,3.0,5.647,3.0,7.0,1.0,1.0,0.0,0.0,1.0,2.0,7.0,0.5
1.0,3.0,5.807,3.0,7.0,0.0,3.0,0.0,0.0,3.0,0.0,1.8,0.5,11,9,1.0,3.0,6.59,3.0,7.0,1.0,3.0,0.0,0.0,3.0,2.0,1.8,0.5
1.0,3.0,5.913,3.0,7.0,1.0,3.0,0.0,0.0,3.0,0.4,1.8,0.5,11,9,1.0,3.0,6.88,3.0,7.0,0.0,3.0,0.0,0.0,3.0,2.0,1.8,0.5
1.0,3.0,5.8,3.0,7.0,0.0,3.0,0.0,0.0,3.0,0.0,1.8,0.5,0,-1,1.0,3.0,6.1,3.0,7.0,1.0,3.0,0.0,0.0,3.0,1.2,1.8,0.5
1.0,3.0,6.1,3.0,7.0,1.0,3.0,0.0,0.0,3.0,1.2,1.8,0.5,11,19,0.0,3.0,7.013,3.0,7.0,0.0,3.0,0.0,0.0,3.0,2.0,1.8,0.5
1.0,3.0,5.8,3.0,7.0,1.0,3.0,0.0,0.0,3.0,0.0,1.8,0.5,11,-1,0.0,3.0,5.59,3.0,7.0,0.0,3.0,0.0,1.0,3.0,0.0,1.8,12.0
0.0,3.0,5.59,3.0,7.0,0.0,3.0,0.0,1.0,3.0,0.0,1.8,12.0,3,-1,0.0,3.0,5.59,3.0,7.0,0.0,3.0,0.0,1.0,3.0,0.0,1.8,11.5
0.0,3.0,5.59,3.0,7.0,0.0,3.0,0.0,1.0,3.0,0.0,1.8,11.5,11,9,0.0,3.0,4.873,3.0,7.0,1.0,2.0,0.0,0.0,3.0,2.0,1.8,0.5
1.0,3.0,5.8,3.0,7.0,0.0,3.0,0.0,0.0,3.0,0.0,1.8,0.5,8,-1,0.0,3.0,6.93,3.0,7.0,1.0,3.0,0.0,0.0,3.0,0.227,1.8,0.5
0.0,3.0,6.93,3.0,7.0,1.0,3.0,0.0,0.0,3.0,0.227,1.8,0.5,11,9,0.0,3.0,6.147,3.0,7.0,1.0,3.0,0.0,0.0,3.0,2.0,1.8,0.5
1.0,3.0,5.807,3.0,7.0,0.0,3.0,0.0,0.0,3.0,0.0,1.8,15.0,6,-1,1.0,3.0,5.813,3.0,7.0,0.0,3.0,0.0,1.0,3.0,0.0,1.8,14.5
1.0,3.0,5.813,3.0,7.0,0.0,3.0,0.0,1.0,3.0,0.0,1.8,14.5,9,-1,1.0,3.0,5.827,3.0,7.0,0.0,1.0,0.0,1.0,3.0,0.0,1.8,14.0
1.0,3.0,5.827,3.0,7.0,0.0,1.0,0.0,1.0,3.0,0.0,1.8,14.0,11,9,0.0,3.0,7.02,3.0,7.0,0.0,1.0,0.0,0.0,3.0,0.0,8.0,1.0
1.0,3.0,5.903,3.0,7.0,1.0,3.0,0.0,0.0,3.0,0.387,1.8,1.0,1,-1,0.0,3.0,6.697,3.0,7.0,1.0,3.0,0.0,0.0,3.0,1.147,1.8,1.0
0.0,3.0,6.697,3.0,7.0,1.0,3.0,0.0,0.0,3.0,1.147,1.8,1.0,11,9,0.0,3.0,6.183,3.0,7.0,0.0,3.0,0.0,0.0,3.0,2.0,1.8,1.0
1.0,3.0,5.8,3.0,7.0,0.0,3.0,0.0,0.0,3.0,0.0,1.8,11.0,11,-1,1.0,3.0,6.967,3.0,7.0,0.0,3.0,0.0,0.0,3.0,1.72,1.8,1.0
1.0,3.0,6.967,3.0,7.0,0.0,3.0,0.0,0.0,3.0,1.72,1.8,1.0,11,9,0.0,3.0,7.01,3.0,7.0,0.0,3.0,0.0,1.0,3.0,0.0,1.8,14.0
1.0,3.0,5.8,3.0,7.0,1.0,3.0,0.0,0.0,3.0,0.0,1.8,1.0,0,-1,0.0,3.0,5.5,3.0,7.0,1.0,3.0,0.0,0.0,3.0,0.24,1.8,1.0
0.0,3.0,5.5,3.0,7.0,1.0,3.0,0.0,0.0,3.0,0.24,1.8,1.0,11,-1,0.0,3.0,4.93,3.0,7.0,0.0,3.0,0.0,0.0,3.0,0.0,1.8,1.0
0.0,3.0,4.93,3.0,7.0,0.0,3.0,0.0,0.0,3.0,0.0,1.8,1.0,11,-1,0.0,3.0,4.65,3.0,7.0,0.0,3.0,0.0,0.0,3.0,1.12,1.8,1.0
0.0,3.0,4.65,3.0,7.0,0.0,3.0,0.0,0.0,3.0,1.12,1.8,1.0,6,-1,0.0,3.0,4.65,3.0,7.0,0.0,3.0,0.0,0.0,3.0,1.12,1.8,1.0
0.0,3.0,4.65,3.0,7.0,0.0,3.0,0.0,0.0,3.0,1.12,1.8,1.0,0,-1,0.0,3.0,4.65,3.0,7.0,0.0,1.0,0.0,0.0,3.0,1.12,1.8,1.0
0.0,3.0,4.65,3.0,7.0,0.0,1.0,0.0,0.0,3.0,1.12,1.8,1.0,5,-1,0.0,3.0,4.65,3.0,7.0,0.0,1.0,0.0,0.0,3.0,1.12,1.8,1.0
0.0,3.0,4.65,3.0,7.0,0.0,1.0,0.0,0.0,3.0,1.12,1.8,1.0,11,-1,0.0,3.0,4.65,3.0,7.0,0.0,1.0,0.0,0.0,1.0,1.12,1.8,1.0
0.0,3.0,4.65,3.0,7.0,0.0,1.0,0.0,0.0,1.0,1.12,1.8,1.0,11,-1,0.0,3.0,4.65,3.0,7.0,0.0,1.0,0.0,0.0,1.0,1.12,1.8,1.0
0.0,3.0,4.65,3.0,7.0,0.0,1.0,0.0,0.0,1.0,1.12,1.8,1.0,7,-1,0.0,3.0,4.65,3.0,7.0,0.0,1.0,0.0,0.0,1.0,1.12,1.8,1.0
0.0,3.0,4.65,3.0,7.0,0.0,1.0,0.0,0.0,1.0,1.12,1.8,1.0,0,-1,0.0,1.0,4.65,3.0,7.0,0.0,1.0,0.0,0.0,1.0,1.12,1.8,1.0
1.0,3.0,5.803,3.0,7.0,1.0,3.0,0.0,0.0,3.0,0.013,1.8,1.0,11,9,1.0,3.0,6.823,3.0,7.0,0.0,3.0,0.0,0.0,3.0,2.0,1.8,1.0
1.0,3.0,5.9,3.0,7.0,1.0,3.0,0.0,0.0,3.0,0.4,1.8,1.0,11,9,1.0,3.0,6.91,3.0,7.0,0.0,3.0,0.0,0.0,3.0,2.0,1.8,1.0
1.0,3.0,5.803,3.0,7.0,1.0,3.0,0.0,0.0,3.0,0.0,1.8,1.0,2,-1,1.0,3.0,5.807,3.0,7.0,1.0,3.0,0.0,0.0,3.0,0.027,1.8,1.0
1.0,3.0,5.807,3.0,7.0,1.0,3.0,0.0,0.0,3.0,0.027,1.8,1.0,7,-1,1.0,2.0,5.813,3.0,7.0,1.0,3.0,0.0,0.0,3.0,0.04,1.8,1.0
1.0,2.0,5.813,3.0,7.0,1.0,3.0,0.0,0.0,3.0,0.04,1.8,1.0,11,-1,0.0,1.0,5.41,3.0,7.0,0.0,3.0,0.0,0.0,3.0,1.693,1.8,1.0
0.0,1.0,5.41,3.0,7.0,0.0,3.0,0.0,0.0,3.0,1.693,1.8,1.0,7,-1,0.0,1.0,5.41,3.0,7.0,0.0,3.0,0.0,0.0,3.0,1.693,1.8,1.0
0.0,1.0,5.41,3.0,7.0,0.0,3.0,0.0,0.0,3.0,1.693,1.8,1.0,10,-1,0.0,1.0,5.41,3.0,7.0,0.0,3.0,0.0,0.0,3.0,1.693,1.8,1.0
0.0,1.0,5.41,3.0,7.0,0.0,3.0,0.0,0.0,3.0,1.693,1.8,1.0,11,-1,0.0,1.0,5.203,1.0,6.0,1.0,3.0,0.0,0.0,3.0,0.627,1.8,0.0
0.0,1.0,5.203,1.0,6.0,1.0,3.0,0.0,0.0,3.0,0.627,1.8,0.0,8,-1,0.0,1.0,4.223,1.0,6.0,1.0,3.0,0.0,0.0,3.0,0.707,1.8,1.0
0.0,1.0,4.223,1.0,6.0,1.0,3.0,0.0,0.0,3.0,0.707,1.8,1.0,11,9,0.0,1.0,3.7,1.0,6.0,0.0,3.0,0.0,0.0,3.0,2.0,1.8,1.0
1.0,3.0,5.803,3.0,7.0,1.0,3.0,0.0,0.0,3.0,0.0,1.8,12.0,11,-1,1.0,3.0,6.92,3.0,7.0,0.0,3.0,0.0,1.0,3.0,0.0,1.8,15.5
1.0,3.0,6.92,3.0,7.0,0.0,3.0,0.0,1.0,3.0,0.0,1.8,15.5,11,-1,0.0,3.0,6.887,3.0,7.0,1.0,3.0,0.0,0.0,3.0,0.533,1.8,1.0
0.0,3.0,6.887,3.0,7.0,1.0,3.0,0.0,0.0,3.0,0.533,1.8,1.0,8,-1,0.0,3.0,5.9,3.0,7.0,1.0,3.0,0.0,0.0,3.0,0.68,1.8,1.0
0.0,3.0,5.9,3.0,7.0,1.0,3.0,0.0,0.0,3.0,0.68,1.8,1.0,11,9,0.0,3.0,5.357,3.0,7.0,0.0,3.0,0.0,0.0,3.0,2.0,1.8,1.0
1.0,3.0,5.81,3.0,7.0,1.0,3.0,0.0,1.0,3.0,0.0,1.8,6.0,10,-1,0.0,3.0,5.6,3.0,7.0,1.0,3.0,0.0,0.0,3.0,1.427,1.8,1.0
0.0,3.0,5.6,3.0,7.0,1.0,3.0,0.0,0.0,3.0,1.427,1.8,1.0,11,19,0.0,3.0,5.003,3.0,5.0,0.0,3.0,0.0,0.0,3.0,2.0,1.8,1.0
1.0,3.0,5.807,3.0,7.0,0.0,3.0,0.0,0.0,3.0,0.0,1.8,1.0,11,9,1.0,3.0,6.84,3.0,7.0,0.0,3.0,0.0,0.0,3.0,2.0,1.8,1.0
1.0,3.0,5.903,3.0,7.0,1.0,3.0,0.0,0.0,3.0,0.387,1.8,1.0,8,-1,0.0,3.0,6.823,3.0,7.0,1.0,3.0,0.0,0.0,3.0,0.573,1.8,1.0
0.0,3.0,6.823,3.0,7.0,1.0,3.0,0.0,0.0,3.0,0.573,1.8,1.0,11,9,0.0,3.0,6.313,3.0,7.0,0.0,3.0,0.0,0.0,3.0,2.0,1.8,1.0
1.0,3.0,5.8,3.0,7.0,1.0,3.0,0.0,0.0,3.0,0.0,1.8,1.0,3,-1,1.0,3.0,5.807,3.0,7.0,1.0,3.0,0.0,0.0,3.0,0.013,1.8,1.0
1.0,3.0,5.807,3.0,7.0,1.0,3.0,0.0,0.0,3.0,0.013,1.8,1.0,4,0,1.0,3.0,5.81,3.0,7.0,1.0,2.0,0.0,0.0,2.0,0.027,1.8,1.0
1.0,3.0,5.81,3.0,7.0,1.0,2.0,0.0,0.0,2.0,0.027,1.8,1.0,7,-1,1.0,3.0,5.817,3.0,7.0,1.0,2.0,0.0,1.0,2.0,0.04,1.8,0.5
1.0,3.0,5.817,3.0,7.0,1.0,2.0,0.0,1.0,2.0,0.04,1.8,0.5,7,-1,0.0,1.0,5.817,3.0,7.0,1.0,2.0,0.0,1.0,2.0,0.067,1.8,0.0
0.0,1.0,5.817,3.0,7.0,1.0,2.0,0.0,1.0,2.0,0.067,1.8,0.0,11,-1,0.0,1.0,5.003,3.0,7.0,1.0,2.0,0.0,1.0,2.0,0.0,1.8,17.5
0.0,1.0,5.003,3.0,7.0,1.0,2.0,0.0,1.0,2.0,0.0,1.8,17.5,11,-1,0.0,1.0,4.163,3.0,7.0,1.0,2.0,0.0,1.0,2.0,0.0,1.8,12.0
0.0,1.0,4.163,3.0,7.0,1.0,2.0,0.0,1.0,2.0,0.0,1.8,12.0,4,-2,0.0,1.0,4.16,3.0,7.0,1.0,2.0,0.0,1.0,2.0,0.0,1.8,11.5
0.0,1.0,4.16,3.0,7.0,1.0,2.0,0.0,1.0,2.0,0.0,1.8,11.5,10,-1,0.0,1.0,4.157,3.0,7.0,1.0,2.0,0.0,1.0,2.0,0.0,1.8,10.5
0.0,1.0,4.157,3.0,7.0,1.0,2.0,0.0,1.0,2.0,0.0,1.8,10.5,5,-1,0.0,1.0,4.15,3.0,8.0,1.0,2.0,0.0,1.0,2.0,0.0,1.8,10.0
0.0,1.0,4.15,3.0,8.0,1.0,2.0,0.0,1.0,2.0,0.0,1.8,10.0,11,-1,0.0,1.0,3.33,3.0,8.0,1.0,2.0,0.0,0.0,1.0,0.0,1.8,10.0
1.0,3.0,5.807,3.0,7.0,0.0,3.0,0.0,0.0,3.0,0.0,1.8,3.5,1,-1,0.0,3.0,6.88,3.0,7.0,1.0,3.0,0.0,0.0,3.0,0.093,1.8,0.5
0.0,3.0,6.88,3.0,7.0,1.0,3.0,0.0,0.0,3.0,0.093,1.8,0.5,11,9,0.0,3.0,6.08,3.0,7.0,1.0,3.0,0.0,0.0,3.0,2.0,1.8,0.5
1.0,3.0,5.813,3.0,7.0,1.0,3.0,0.0,0.0,3.0,0.013,1.8,0.5,4,10,0.0,3.0,5.573,3.0,7.0,0.0,3.0,0.0,1.0,2.0,1.867,1.8,0.5
1.0,3.0,5.807,3.0,7.0,0.0,3.0,0.0,0.0,3.0,0.0,1.8,1.0,11,9,1.0,3.0,6.717,3.0,7.0,0.0,3.0,0.0,0.0,3.0,2.0,1.8,0.5
1.0,3.0,5.9,3.0,7.0,1.0,3.0,0.0,0.0,3.0,0.4,1.8,0.5,10,-1,1.0,3.0,5.907,3.0,7.0,1.0,3.0,0.0,0.0,3.0,0.427,1.8,0.5
1.0,3.0,5.907,3.0,7.0,1.0,3.0,0.0,0.0,3.0,0.427,1.8,0.5,4,0,1.0,3.0,5.907,3.0,7.0,1.0,3.0,0.0,0.0,3.0,0.427,1.8,0.5
1.0,3.0,5.907,3.0,7.0,1.0,3.0,0.0,0.0,3.0,0.427,1.8,0.5,6,-1,1.0,3.0,5.913,5.0,7.0,1.0,3.0,0.0,0.0,3.0,0.453,1.8,0.5
1.0,3.0,5.913,5.0,7.0,1.0,3.0,0.0,0.0,3.0,0.453,1.8,0.5,11,9,0.0,3.0,7.01,5.0,7.0,0.0,1.0,0.0,1.0,2.0,0.0,1.8,19.5
1.0,3.0,5.8,3.0,7.0,0.0,3.0,0.0,1.0,3.0,0.0,1.8,4.5,11,9,1.0,3.0,6.927,3.0,7.0,0.0,3.0,0.0,0.0,3.0,1.893,1.8,1.0
1.0,3.0,5.813,3.0,7.0,0.0,3.0,0.0,0.0,3.0,0.013,1.8,1.0,4,0,1.0,3.0,5.813,3.0,7.0,1.0,3.0,0.0,0.0,3.0,0.013,1.8,1.0
1.0,3.0,5.813,3.0,7.0,1.0,3.0,0.0,0.0,3.0,0.013,1.8,1.0,11,9,0.0,3.0,7.023,3.0,7.0,0.0,3.0,0.0,1.0,2.0,0.0,1.8,1.5
1.0,3.0,5.907,3.0,7.0,1.0,3.0,0.0,0.0,3.0,0.373,1.8,1.0,6,-1,0.0,3.0,5.56,3.0,7.0,0.0,3.0,0.0,1.0,3.0,0.0,1.8,15.0
0.0,3.0,5.56,3.0,7.0,0.0,3.0,0.0,1.0,3.0,0.0,1.8,15.0,11,-1,0.0,3.0,5.56,3.0,7.0,0.0,1.0,0.0,0.0,3.0,0.0,1.8,1.0
0.0,3.0,5.56,3.0,7.0,0.0,1.0,0.0,0.0,3.0,0.0,1.8,1.0,11,-1,0.0,3.0,5.56,3.0,7.0,0.0,1.0,0.0,0.0,3.0,0.0,1.8,1.0
0.0,3.0,5.56,3.0,7.0,0.0,1.0,0.0,0.0,3.0,0.0,1.8,1.0,3,-1,0.0,3.0,5.56,3.0,7.0,0.0,1.0,0.0,0.0,3.0,0.0,1.8,1.0
0.0,3.0,5.56,3.0,7.0,0.0,1.0,0.0,0.0,3.0,0.0,1.8,1.0,4,0,0.0,3.0,5.56,3.0,7.0,1.0,1.0,0.0,1.0,2.0,0.0,1.8,1.0
0.0,3.0,5.56,3.0,7.0,1.0,1.0,0.0,1.0,2.0,0.0,1.8,1.0,11,-1,0.0,3.0,4.743,3.0,7.0,1.0,2.0,0.0,1.0,2.0,0.0,1.8,18.5
0.0,3.0,4.743,3.0,7.0,1.0,2.0,0.0,1.0,2.0,0.0,1.8,18.5,6,-1,0.0,3.0,4.74,3.0,7.0,1.0,2.0,0.0,1.0,2.0,0.0,1.8,18.0
0.0,3.0,4.74,3.0,7.0,1.0,2.0,0.0,1.0,2.0,0.0,1.8,18.0,2,-1,0.0,3.0,4.74,3.0,7.0,0.0,1.0,0.0,1.0,2.0,0.0,1.8,17.0
0.0,3.0,4.74,3.0,7.0,0.0,1.0,0.0,1.0,2.0,0.0,1.8,17.0,11,-1,1.0,2.0,6.373,3.0,7.0,0.0,1.0,0.0,1.0,2.0,0.0,1.8,14.0
1.0,2.0,6.373,3.0,7.0,0.0,1.0,0.0,1.0,2.0,0.0,1.8,14.0,7,-1,1.0,2.0,6.38,3.0,7.0,0.0,1.0,0.0,1.0,2.0,0.0,1.8,13.5
1.0,3.0,5.803,3.0,7.0,0.0,3.0,0.0,1.0,3.0,0.0,1.8,12.5,0,-1,1.0,3.0,6.18,3.0,7.0,1.0,3.0,0.0,0.0,3.0,0.827,1.8,1.0
1.0,3.0,6.18,3.0,7.0,1.0,3.0,0.0,0.0,3.0,0.827,1.8,1.0,11,19,0.0,3.0,7.01,3.0,7.0,0.0,3.0,0.0,0.0,3.0,2.0,1.8,1.0
1.0,3.0,5.8,3.0,7.0,0.0,3.0,0.0,0.0,3.0,0.0,1.8,1.0,2,-1,1.0,3.0,5.807,3.0,7.0,1.0,3.0,0.0,0.0,3.0,0.0,1.8,1.0
1.0,3.0,5.807,3.0,7.0,1.0,3.0,0.0,0.0,3.0,0.0,1.8,1.0,3,-1,1.0,3.0,5.81,3.0,7.0,1.0,3.0,0.0,0.0,3.0,0.013,1.8,1.0
1.0,3.0,5.81,3.0,7.0,1.0,3.0,0.0,0.0,3.0,0.013,1.8,1.0,11,9,1.0,2.0,6.63,3.0,7.0,1.0,2.0,0.0,0.0,3.0,2.0,1.8,1.0
1.0,3.0,5.9,3.0,7.0,1.0,3.0,0.0,0.0,3.0,0.4,1.8,1.0,9,-1,1.0,3.0,5.907,3.0,7.0,1.0,3.0,0.0,0.0,3.0,0.413,1.8,1.0
1.0,3.0,5.907,3.0,7.0,1.0,3.0,0.0,0.0,3.0,0.413,1.8,1.0,6,-1,1.0,3.0,5.91,3.0,7.0,1.0,3.0,0.0,0.0,3.0,0.427,8.0,1.0
1.0,3.0,5.91,3.0,7.0,1.0,3.0,0.0,0.0,3.0,0.427,8.0,1.0,11,9,0.0,3.0,7.013,3.0,7.0,0.0,1.0,0.0,0.0,3.0,0.453,8.0,1.0
1.0,3.0,5.807,3.0,7.0,0.0,3.0,0.0,0.0,3.0,0.0,1.8,1.0,9,-1,1.0,3.0,5.813,3.0,7.0,0.0,3.0,0.0,0.0,3.0,0.013,1.8,1.0
1.0,3.0,5.813,3.0,7.0,0.0,3.0,0.0,0.0,3.0,0.013,1.8,1.0,11,-1,1.0,3.0,6.833,3.0,7.0,0.0,3.0,0.0,0.0,3.0,2.0,9.0,1.0
1.0,3.0,6.833,3.0,7.0,0.0,3.0,0.0,0.0,3.0,2.0,9.0,1.0,6,-1,1.0,3.0,6.84,3.0,7.0,0.0,3.0,0.0,0.0,3.0,2.0,9.0,1.0
1.0,3.0,6.84,3.0,7.0,0.0,3.0,0.0,0.0,3.0,2.0,9.0,1.0,0,9,0.0,3.0,7.017,3.0,7.0,0.0,1.0,0.0,0.0,3.0,2.0,9.0,1.0
1.0,3.0,5.8,3.0,7.0,1.0,3.0,0.0,0.0,3.0,0.0,1.8,1.0,11,-1,0.0,3.0,5.577,3.0,7.0,0.0,3.0,0.0,1.0,3.0,0.0,1.8,14.0
0.0,3.0,5.577,3.0,7.0,0.0,3.0,0.0,1.0,3.0,0.0,1.8,14.0,1,-1,0.0,3.0,4.647,3.0,7.0,0.0,3.0,0.0,1.0,3.0,0.0,1.8,15.5
0.0,3.0,4.647,3.0,7.0,0.0,3.0,0.0,1.0,3.0,0.0,1.8,15.5,11,-1,0.0,3.0,4.203,3.0,7.0,0.0,3.0,0.0,0.0,3.0,1.787,1.8,1.0
0.0,3.0,4.203,3.0,7.0,0.0,3.0,0.0,0.0,3.0,1.787,1.8,1.0,5,-1,0.0,3.0,4.203,3.0,7.0,0.0,3.0,0.0,0.0,3.0,1.787,1.8,1.0
0.0,3.0,4.203,3.0,7.0,0.0,3.0,0.0,0.0,3.0,1.787,1.8,1.0,3,-1,0.0,3.0,4.203,3.0,7.0,0.0,3.0,0.0,0.0,3.0,1.787,1.8,1.0
0.0,3.0,4.203,3.0,7.0,0.0,3.0,0.0,0.0,3.0,1.787,1.8,1.0,11,9,0.0,3.0,3.383,3.0,7.0,1.0,2.0,0.0,0.0,1.0,2.0,1.8,1.0
1.0,3.0,5.8,3.0,7.0,1.0,3.0,0.0,0.0,3.0,0.013,1.8,1.0,11,9,1.0,3.0,6.867,3.0,7.0,0.0,3.0,0.0,0.0,3.0,1.96,1.8,1.0
1.0,3.0,5.913,3.0,7.0,1.0,3.0,0.0,0.0,3.0,0.4,1.8,1.0,1,-1,0.0,3.0,6.817,3.0,7.0,1.0,3.0,0.0,0.0,3.0,0.587,1.8,1.0
0.0,3.0,6.817,3.0,7.0,1.0,3.0,0.0,0.0,3.0,0.587,1.8,1.0,1,-1,0.0,3.0,5.703,3.0,7.0,1.0,3.0,0.0,0.0,3.0,1.253,1.8,1.0
0.0,3.0,5.703,3.0,7.0,1.0,3.0,0.0,0.0,3.0,1.253,1.8,1.0,7,-1,0.0,3.0,5.7,3.0,7.0,1.0,3.0,0.0,0.0,3.0,1.267,1.8,1.0
0.0,3.0,5.7,3.0,7.0,1.0,3.0,0.0,0.0,3.0,1.267,1.8,1.0,8,-1,0.0,1.0,4.843,3.0,7.0,1.0,3.0,0.0,0.0,3.0,0.973,1.8,1.0
0.0,1.0,4.843,3.0,7.0,1.0,3.0,0.0,0.0,3.0,0.973,1.8,1.0,4,0,0.0,1.0,4.837,3.0,7.0,1.0,3.0,0.0,0.0,3.0,1.0,1.8,1.0
0.0,1.0,4.837,3.0,7.0,1.0,3.0,0.0,0.0,3.0,1.0,1.8,1.0,5,-1,0.0,1.0,4.833,3.0,7.0,1.0,3.0,0.0,1.0,2.0,1.013,1.8,0.5
0.0,1.0,4.833,3.0,7.0,1.0,3.0,0.0,1.0,2.0,1.013,1.8,0.5,11,9,0.0,1.0,4.203,3.0,7.0,0.0,3.0,0.0,0.0,1.0,2.0,1.8,0.0
1.0,3.0,5.8,3.0,7.0,1.0,3.0,0.0,0.0,3.0,0.0,1.8,0.0,11,9,1.0,3.0,6.617,3.0,7.0,1.0,3.0,0.0,0.0,3.0,2.0,1.8,0.0
1.0,3.0,5.907,3.0,7.0,0.0,3.0,0.0,0.0,3.0,0.387,1.8,0.0,6,-1,1.0,3.0,5.917,3.0,7.0,0.0,3.0,0.0,0.0,3.0,0.4,1.8,0.0
1.0,3.0,5.917,3.0,7.0,0.0,3.0,0.0,0.0,3.0,0.4,1.8,0.0,11,9,0.0,3.0,7.017,3.0,7.0,0.0,1.0,0.0,0.0,3.0,0.4,1.8,0.0
1.0,3.0,5.8,3.0,7.0,1.0,3.0,0.0,0.0,3.0,0.0,1.8,0.0,3,-1,0.0,3.0,5.633,3.0,7.0,1.0,3.0,0.0,0.0,3.0,1.653,1.8,1.0
0.0,3.0,5.633,3.0,7.0,1.0,3.0,0.0,0.0,3.0,1.653,1.8,1.0,1,9,0.0,3.0,4.417,3.0,7.0,1.0,2.0,0.0,0.0,3.0,2.0,1.8,1.0
1.0,3.0,5.8,3.0,7.0,0.0,3.0,0.0,0.0,3.0,0.013,1.8,1.0,11,9,1.0,3.0,6.893,3.0,7.0,0.0,3.0,0.0,0.0,3.0,2.0,1.8,1.0
1.0,3.0,5.913,3.0,7.0,1.0,3.0,0.0,0.0,3.0,0.387,1.8,1.0,10,-1,1.0,3.0,5.913,3.0,7.0,1.0,3.0,0.0,0.0,3.0,0.4,1.8,1.0
1.0,3.0,5.913,3.0,7.0,1.0,3.0,0.0,0.0,3.0,0.4,1.8,1.0,11,9,1.0,3.0,6.977,2.0,8.0,0.0,3.0,0.0,0.0,3.0,2.0,1.8,1.0
1.0,3.0,5.8,3.0,7.0,0.0,3.0,0.0,0.0,3.0,0.0,1.8,1.0,11,9,1.0,3.0,6.813,3.0,7.0,0.0,3.0,0.0,0.0,3.0,2.0,1.8,1.0
1.0,3.0,5.8,3.0,7.0,1.0,3.0,0.0,0.0,3.0,0.013,1.8,1.0,11,-1,1.0,3.0,6.957,3.0,7.0,0.0,3.0,0.0,0.0,3.0,0.0,1.8,1.0
1.0,3.0,6.957,3.0,7.0,0.0,3.0,0.0,0.0,3.0,0.0,1.8,1.0,11,9,0.0,3.0,6.487,3.0,7.0,0.0,3.0,0.0,0.0,3.0,2.0,1.8,1.0
1.0,3.0,5.8,3.0,7.0,1.0,3.0,0.0,0.0,3.0,0.0,1.8,1.0,8,-1,0.0,3.0,4.817,3.0,7.0,1.0,3.0,0.0,0.0,3.0,1.147,1.8,1.0
0.0,3.0,4.817,3.0,7.0,1.0,3.0,0.0,0.0,3.0,1.147,1.8,1.0,11,-1,0.0,3.0,4.323,3.0,7.0,0.0,3.0,0.0,1.0,3.0,0.0,1.8,2.5
0.0,3.0,4.323,3.0,7.0,0.0,3.0,0.0,1.0,3.0,0.0,1.8,2.5,1,-1,0.0,3.0,3.393,3.0,7.0,0.0,3.0,0.0,1.0,3.0,0.0,1.8,5.0
0.0,3.0,3.393,3.0,7.0,0.0,3.0,0.0,1.0,3.0,0.0,1.8,5.0,1,-1,1.0,3.0,4.153,3.0,7.0,1.0,3.0,0.0,0.0,3.0,0.067,1.8,1.0
1.0,3.0,4.153,3.0,7.0,1.0,3.0,0.0,0.0,3.0,0.067,1.8,1.0,6,-1,1.0,3.0,4.16,3.0,7.0,1.0,3.0,0.0,0.0,3.0,0.093,1.8,1.0
1.0,3.0,4.16,3.0,7.0,1.0,3.0,0.0,0.0,3.0,0.093,1.8,1.0,4,0,1.0,3.0,4.16,3.0,7.0,0.0,1.0,0.0,0.0,3.0,0.107,1.8,1.0
1.0,3.0,4.16,3.0,7.0,0.0,1.0,0.0,0.0,3.0,0.107,1.8,1.0,11,-1,1.0,3.0,5.8,3.0,7.0,0.0,1.0,0.0,1.0,2.0,0.0,1.8,18.5
1.0,3.0,5.8,3.0,7.0,0.0,1.0,0.0,1.0,2.0,0.0,1.8,18.5,3,-1,1.0,3.0,5.813,3.0,7.0,0.0,1.0,0.0,1.0,2.0,0.0,1.8,18.0
1.0,3.0,5.813,3.0,7.0,0.0,1.0,0.0,1.0,2.0,0.0,1.8,18.0,11,-1,1.0,3.0,6.647,3.0,7.0,1.0,2.0,0.0,1.0,2.0,0.0,1.8,13.0
1.0,3.0,6.647,3.0,7.0,1.0,2.0,0.0,1.0,2.0,0.0,1.8,13.0,9,-1,1.0,3.0,6.65,3.0,7.0,1.0,2.0,0.0,1.0,2.0,0.0,1.8,12.0
1.0,3.0,5.807,3.0,7.0,1.0,3.0,0.0,1.0,3.0,0.0,1.8,9.5,10,-1,1.0,3.0,5.81,3.0,7.0,1.0,3.0,0.0,1.0,3.0,0.0,1.8,9.0
1.0,3.0,5.81,3.0,7.0,1.0,3.0,0.0,1.0,3.0,0.0,1.8,9.0,2,-1,1.0,3.0,5.813,5.0,6.0,1.0,3.0,0.0,1.0,3.0,0.0,1.8,8.0
1.0,3.0,5.813,5.0,6.0,1.0,3.0,0.0,1.0,3.0,0.0,1.8,8.0,11,9,1.0,2.0,6.96,5.0,6.0,0.0,3.0,0.0,0.0,3.0,1.733,1.8,1.0
1.0,3.0,5.903,3.0,7.0,1.0,3.0,0.0,0.0,3.0,0.4,1.8,1.0,11,9,1.0,3.0,6.947,3.0,7.0,0.0,3.0,0.0,0.0,3.0,2.0,1.8,1.0
1.0,3.0,5.8,3.0,7.0,0.0,3.0,0.0,0.0,3.0,0.013,1.8,1.0,11,9,1.0,3.0,7.013,3.0,7.0,0.0,3.0,0.0,0.0,3.0,1.613,1.8,1.0
1.0,3.0,5.8,3.0,7.0,1.0,3.0,0.0,0.0,3.0,0.0,1.8,1.0,10,-1,1.0,3.0,5.803,3.0,7.0,1.0,3.0,0.0,0.0,3.0,0.0,1.8,1.0
1.0,3.0,5.803,3.0,7.0,1.0,3.0,0.0,0.0,3.0,0.0,1.8,1.0,11,9,1.0,3.0,6.907,4.0,8.0,0.0,3.0,0.0,0.0,3.0,1.947,1.8,1.0
1.0,3.0,5.9,3.0,7.0,1.0,3.0,0.0,0.0,3.0,0.387,1.8,1.0,6,-1,0.0,3.0,5.563,3.0,7.0,0.0,3.0,0.0,1.0,3.0,0.0,1.8,14.5
0.0,3.0,5.563,3.0,7.0,0.0,3.0,0.0,1.0,3.0,0.0,1.8,14.5,4,0,0.0,3.0,5.563,3.0,7.0,0.0,1.0,0.0,1.0,3.0,0.0,1.8,14.5
0.0,3.0,5.563,3.0,7.0,0.0,1.0,0.0,1.0,3.0,0.0,1.8,14.5,10,-1,0.0,3.0,5.563,3.0,7.0,0.0,1.0,0.0,1.0,3.0,0.0,1.8,14.0
0.0,3.0,5.563,3.0,7.0,0.0,1.0,0.0,1.0,3.0,0.0,1.8,14.0,11,-1,0.0,3.0,5.563,0.0,8.0,0.0,1.0,0.0,1.0,2.0,0.0,1.8,14.0
0.0,3.0,5.563,0.0,8.0,0.0,1.0,0.0,1.0,2.0,0.0,1.8,14.0,11,-1,0.0,3.0,5.563,0.0,8.0,0.0,1.0,0.0,1.0,2.0,0.0,1.8,13.0
0.0,3.0,5.563,0.0,8.0,0.0,1.0,0.0,1.0,2.0,0.0,1.8,13.0,10,-1,0.0,3.0,5.563,0.0,8.0,0.0,1.0,0.0,1.0,2.0,0.0,1.8,12.5
0.0,3.0,5.563,0.0,8.0,0.0,1.0,0.0,1.0,2.0,0.0,1.8,12.5,10,-1,0.0,3.0,5.563,3.0,6.0,0.0,1.0,0.0,1.0,2.0,0.0,1.8,11.5
0.0,3.0,5.563,3.0,6.0,0.0,1.0,0.0,1.0,2.0,0.0,1.8,11.5,11,-1,0.0,3.0,5.563,3.0,6.0,0.0,1.0,0.0,1.0,2.0,0.0,1.8,11.5
0.0,3.0,5.563,3.0,6.0,0.0,1.0,0.0,1.0,2.0,0.0,1.8,11.5,7,-1,0.0,3.0,5.563,3.0,6.0,0.0,1.0,0.0,1.0,2.0,0.0,1.8,11.0
0.0,3.0,5.563,3.0,6.0,0.0,1.0,0.0,1.0,2.0,0.0,1.8,11.0,11,-1,0.0,1.0,5.563,3.0,6.0,0.0,1.0,0.0,1.0,2.0,0.0,1.8,8.0
1.0,3.0,5.807,3.0,7.0,1.0,3.0,0.0,1.0,3.0,0.0,1.8,4.5,1,-1,0.0,3.0,6.903,3.0,7.0,0.0,3.0,0.0,1.0,3.0,0.0,1.8,7.5
0.0,3.0,6.903,3.0,7.0,0.0,3.0,0.0,1.0,3.0,0.0,1.8,7.5,5,-1,0.0,3.0,6.903,3.0,7.0,0.0,3.0,0.0,1.0,3.0,0.0,1.8,7.0
0.0,3.0,6.903,3.0,7.0,0.0,3.0,0.0,1.0,3.0,0.0,1.8,7.0,11,-1,0.0,3.0,6.903,3.0,7.0,0.0,3.0,0.0,0.0,1.0,0.0,1.8,6.5
0.0,3.0,6.903,3.0,7.0,0.0,3.0,0.0,0.0,1.0,0.0,1.8,6.5,4,0,0.0,3.0,6.903,3.0,7.0,0.0,3.0,0.0,0.0,1.0,0.0,1.8,6.5
0.0,3.0,6.903,3.0,7.0,0.0,3.0,0.0,0.0,1.0,0.0,1.8,6.5,11,-1,0.0,3.0,6.89,3.0,7.0,0.0,3.0,0.0,1.0,2.0,0.0,1.8,5.5
0.0,3.0,6.89,3.0,7.0,0.0,3.0,0.0,1.0,2.0,0.0,1.8,5.5,7,-1,0.0,3.0,6.89,3.0,7.0,0.0,3.0,0.0,1.0,2.0,0.0,1.8,4.5
0.0,3.0,6.89,3.0,7.0,0.0,3.0,0.0,1.0,2.0,0.0,1.8,4.5,11,-1,0.0,1.0,6.88,3.0,7.0,0.0,3.0,0.0,1.0,2.0,0.0,1.8,5.5
0.0,1.0,6.88,3.0,7.0,0.0,3.0,0.0,1.0,2.0,0.0,1.8,5.5,11,-1,0.0,1.0,6.87,3.0,7.0,0.0,3.0,0.0,1.0,2.0,0.0,1.8,3.5
0.0,1.0,6.87,3.0,7.0,0.0,3.0,0.0,1.0,2.0,0.0,1.8,3.5,11,-1,0.0,1.0,6.857,3.0,7.0,0.0,3.0,0.0,1.0,2.0,0.0,1.8,4.0
0.0,1.0,6.857,3.0,7.0,0.0,3.0,0.0,1.0,2.0,0.0,1.8,4.0,11,-1,0.0,1.0,6.843,3.0,7.0,0.0,3.0,0.0,1.0,2.0,0.0,1.8,4.0
1.0,3.0,5.803,3.0,7.0,1.0,3.0,0.0,1.0,3.0,0.0,1.8,1.5,0,-1,1.0,3.0,6.097,3.0,7.0,1.0,3.0,0.0,0.0,3.0,1.16,1.8,1.0
1.0,3.0,6.097,3.0,7.0,1.0,3.0,0.0,0.0,3.0,1.16,1.8,1.0,11,9,0.0,3.0,7.123,3.0,7.0,0.0,3.0,0.0,1.0,3.0,0.0,1.8,14.5
1.0,3.0,5.8,3.0,7.0,0.0,3.0,0.0,0.0,3.0,0.0,1.8,1.0,4,0,1.0,3.0,5.807,3.0,7.0,1.0,3.0,0.0,0.0,3.0,0.013,1.8,1.0
1.0,3.0,5.807,3.0,7.0,1.0,3.0,0.0,0.0,3.0,0.013,1.8,1.0,11,9,0.0,3.0,7.34,3.0,7.0,0.0,3.0,0.0,1.0,2.0,0.0,1.8,1.5
1.0,3.0,5.9,3.0,7.0,1.0,3.0,0.0,0.0,3.0,0.413,1.8,0.0,11,-1,1.0,3.0,6.85,3.0,7.0,1.0,3.0,0.0,0.0,3.0,0.013,1.8,1.0
1.0,3.0,6.85,3.0,7.0,1.0,3.0,0.0,0.0,3.0,0.013,1.8,1.0,11,19,0.0,3.0,7.413,3.0,7.0,0.0,3.0,0.0,0.0,3.0,2.0,1.8,1.0
1.0,3.0,5.8,3.0,7.0,1.0,3.0,0.0,1.0,3.0,0.0,1.8,10.0,0,-1,0.0,3.0,5.413,3.0,7.0,1.0,3.0,0.0,0.0,3.0,0.107,1.8,0.5
0.0,3.0,5.413,3.0,7.0,1.0,3.0,0.0,0.0,3.0,0.107,1.8,0.5,11,-1,0.0,3.0,4.733,3.0,7.0,0.0,3.0,0.0,1.0,3.0,0.0,1.8,5.0
0.0,3.0,4.733,3.0,7.0,0.0,3.0,0.0,1.0,3.0,0.0,1.8,5.0,0,-1,0.0,3.0,4.467,3.0,7.0,1.0,3.0,0.0,0.0,3.0,1.053,1.8,0.5
0.0,3.0,4.467,3.0,7.0,1.0,3.0,0.0,0.0,3.0,1.053,1.8,0.5,1,-1,0.0,3.0,3.54,3.0,7.0,1.0,3.0,0.0,0.0,3.0,1.013,1.8,0.5
0.0,3.0,3.54,3.0,7.0,1.0,3.0,0.0,0.0,3.0,1.013,1.8,0.5,6,-1,0.0,3.0,3.537,3.0,7.0,0.0,3.0,0.0,0.0,3.0,1.027,1.8,0.5
0.0,3.0,3.537,3.0,7.0,0.0,3.0,0.0,0.0,3.0,1.027,1.8,0.5,11,-1,0.0,3.0,3.533,3.0,7.0,0.0,1.0,0.0,0.0,3.0,1.04,1.8,0.5
0.0,3.0,3.533,3.0,7.0,0.0,1.0,0.0,0.0,3.0,1.04,1.8,0.5,11,-1,0.0,3.0,3.533,3.0,7.0,0.0,1.0,0.0,0.0,3.0,1.04,1.8,0.5
0.0,3.0,3.533,3.0,7.0,0.0,1.0,0.0,0.0,3.0,1.04,1.8,0.5,11,-1,0.0,3.0,3.533,3.0,7.0,0.0,1.0,0.0,0.0,3.0,1.04,1.8,0.5
0.0,3.0,3.533,3.0,7.0,0.0,1.0,0.0,0.0,3.0,1.04,1.8,0.5,9,-1,0.0,3.0,3.533,3.0,7.0,0.0,1.0,0.0,0.0,3.0,1.04,1.8,0.5
0.0,3.0,3.533,3.0,7.0,0.0,1.0,0.0,0.0,3.0,1.04,1.8,0.5,1,-1,0.0,3.0,3.533,3.0,7.0,0.0,1.0,0.0,0.0,3.0,1.04,7.0,0.5
1.0,3.0,5.8,3.0,7.0,0.0,3.0,0.0,0.0,3.0,0.013,1.8,0.5,7,-1,1.0,3.0,5.813,3.0,7.0,1.0,3.0,0.0,0.0,3.0,0.013,1.8,0.5
1.0,3.0,5.813,3.0,7.0,1.0,3.0,0.0,0.0,3.0,0.013,1.8,0.5,5,-1,1.0,3.0,5.817,3.0,7.0,1.0,3.0,0.0,0.0,1.0,0.027,1.8,0.5
1.0,3.0,5.817,3.0,7.0,1.0,3.0,0.0,0.0,1.0,0.027,1.8,0.5,4,0,0.0,1.0,5.82,3.0,7.0,1.0,3.0,0.0,0.0,1.0,0.053,1.8,0.5
0.0,1.0,5.82,3.0,7.0,1.0,3.0,0.0,0.0,1.0,0.053,1.8,0.5,2,-1,0.0,1.0,5.817,3.0,7.0,1.0,3.0,0.0,1.0,2.0,0.067,1.8,0.0
0.0,1.0,5.817,3.0,7.0,1.0,3.0,0.0,1.0,2.0,0.067,1.8,0.0,11,9,1.0,2.0,7.413,3.0,7.0,0.0,3.0,0.0,1.0,2.0,0.0,1.8,17.5
1.0,3.0,5.98,3.0,7.0,1.0,3.0,0.0,0.0,3.0,0.067,1.8,0.5,7,-1,1.0,3.0,5.98,3.0,7.0,1.0,3.0,0.0,0.0,3.0,0.08,1.8,0.5
1.0,3.0,5.98,3.0,7.0,1.0,3.0,0.0,0.0,3.0,0.08,1.8,0.5,2,-1,1.0,3.0,5.987,3.0,7.0,1.0,3.0,0.0,0.0,3.0,0.093,1.8,0.5
1.0,3.0,5.987,3.0,7.0,1.0,3.0,0.0,0.0,3.0,0.093,1.8,0.5,11,9,1.0,2.0,6.79,3.0,7.0,1.0,3.0,0.0,0.0,3.0,2.0,1.8,0.5
1.0,3.0,5.8,3.0,7.0,0.0,3.0,0.0,0.0,3.0,0.0,1.8,0.5,2,-1,1.0,3.0,5.807,3.0,7.0,1.0,3.0,0.0,0.0,3.0,0.013,1.8,0.5
1.0,3.0,5.807,3.0,7.0,1.0,3.0,0.0,0.0,3.0,0.013,1.8,0.5,5,-1,1.0,3.0,5.81,3.0,7.0,1.0,3.0,0.0,0.0,1.0,0.027,1.8,0.5
1.0,3.0,5.81,3.0,7.0,1.0,3.0,0.0,0.0,1.0,0.027,1.8,0.5,1,19,1.0,2.0,7.933,3.0,7.0,0.0,3.0,0.0,0.0,1.0,1.88,1.8,0.5
1.0,3.0,5.8,3.0,7.0,0.0,3.0,0.0,0.0,3.0,0.0,1.8,0.5,11,9,1.0,3.0,6.617,3.0,7.0,1.0,3.0,0.0,0.0,3.0,2.0,1.8,0.5
1.0,3.0,5.907,3.0,7.0,1.0,3.0,0.0,0.0,3.0,0.387,1.8,0.5,11,9,0.0,3.0,4.837,3.0,7.0,1.0,3.0,0.0,0.0,3.0,2.0,1.8,0.5
1.0,3.0,5.813,3.0,7.0,1.0,3.0,0.0,0.0,3.0,0.013,1.8,0.5,4,0,1.0,3.0,5.817,3.0,7.0,1.0,3.0,0.0,1.0,2.0,0.027,1.8,0.0
1.0,3.0,5.817,3.0,7.0,1.0,3.0,0.0,1.0,2.0,0.027,1.8,0.0,11,9,0.0,3.0,7.213,3.0,7.0,0.0,3.0,0.0,1.0,2.0,0.0,1.8,17.5
1.0,3.0,5.963,3.0,7.0,1.0,3.0,0.0,0.0,3.0,0.2,1.8,1.0,11,9,1.0,3.0,6.983,3.0,7.0,0.0,3.0,0.0,0.0,3.0,2.0,1.8,1.0
1.0,3.0,5.803,3.0,7.0,0.0,3.0,0.0,0.0,3.0,0.0,1.8,1.0,11,-1,1.0,3.0,6.97,3.0,7.0,0.0,3.0,0.0,0.0,3.0,1.733,1.8,1.0
1.0,3.0,6.97,3.0,7.0,0.0,3.0,0.0,0.0,3.0,1.733,1.8,1.0,8,-1,0.0,3.0,6.277,3.0,7.0,1.0,3.0,0.0,0.0,3.0,1.2,1.8,1.0
0.0,3.0,6.277,3.0,7.0,1.0,3.0,0.0,0.0,3.0,1.2,1.8,1.0,11,9,0.0,3.0,5.613,3.0,7.0,0.0,3.0,0.0,0.0,3.0,2.0,1.8,1.0
1.0,3.0,5.807,3.0,7.0,0.0,3.0,0.0,0.0,3.0,0.013,1.8,1.0,6,-1,1.0,3.0,5.813,3.0,7.0,0.0,3.0,0.0,0.0,3.0,0.013,1.8,1.0
1.0,3.0,5.813,3.0,7.0,0.0,3.0,0.0,0.0,3.0,0.013,1.8,1.0,11,9,0.0,3.0,7.02,3.0,7.0,0.0,1.0,0.0,0.0,3.0,0.013,1.8,1.0
1.0,3.0,5.907,3.0,7.0,1.0,3.0,0.0,0.0,3.0,0.413,1.8,1.0,11,-1,0.0,3.0,5.177,3.0,7.0,0.0,3.0,0.0,0.0,3.0,1.573,1.8,1.0
0.0,3.0,5.177,3.0,7.0,0.0,3.0,0.0,0.0,3.0,1.573,1.8,1.0,11,-1,0.0,3.0,4.88,3.0,7.0,0.0,3.0,0.0,1.0,3.0,0.0,1.8,6.0
0.0,3.0,4.88,3.0,7.0,0.0,3.0,0.0,1.0,3.0,0.0,1.8,6.0,11,-1,0.0,3.0,4.467,3.0,7.0,1.0,3.0,0.0,0.0,3.0,1.64,1.8,1.0
0.0,3.0,4.467,3.0,7.0,1.0,3.0,0.0,0.0,3.0,1.64,1.8,1.0,11,-1,0.0,3.0,4.413,3.0,7.0,0.0,3.0,0.0,0.0,3.0,0.0,1.8,1.0
0.0,3.0,4.413,3.0,7.0,0.0,3.0,0.0,0.0,3.0,0.0,1.8,1.0,11,-1,0.0,3.0,3.847,3.0,7.0,0.0,3.0,0.0,1.0,3.0,0.0,1.8,2.0
0.0,3.0,3.847,3.0,7.0,0.0,3.0,0.0,1.0,3.0,0.0,1.8,2.0,11,9,0.0,3.0,3.393,3.0,7.0,0.0,3.0,0.0,0.0,3.0,1.813,1.8,1.0
1.0,3.0,5.807,3.0,7.0,1.0,3.0,0.0,0.0,3.0,0.0,1.8,6.5,8,-1,0.0,3.0,6.873,3.0,7.0,1.0,3.0,0.0,0.0,3.0,0.0,1.8,0.5
0.0,3.0,6.873,3.0,7.0,1.0,3.0,0.0,0.0,3.0,0.0,1.8,0.5,11,9,0.0,3.0,6.2,3.0,7.0,0.0,3.0,0.0,0.0,3.0,2.0,1.8,0.5
1.0,3.0,5.807,3.0,7.0,0.0,3.0,0.0,0.0,3.0,0.0,1.8,0.5,11,9,1.0,3.0,6.61,3.0,7.0,1.0,3.0,0.0,0.0,3.0,2.0,1.8,0.5
1.0,3.0,5.903,3.0,7.0,1.0,3.0,0.0,0.0,3.0,0.387,1.8,0.5,11,-1,1.0,3.0,6.85,3.0,7.0,0.0,3.0,0.0,1.0,3.0,0.0,1.8,1.0
1.0,3.0,6.85,3.0,7.0,0.0,3.0,0.0,1.0,3.0,0.0,1.8,1.0,0,-1,0.0,3.0,6.857,3.0,7.0,1.0,3.0,0.0,0.0,3.0,1.16,1.8,0.5
0.0,3.0,6.857,3.0,7.0,1.0,3.0,0.0,0.0,3.0,1.16,1.8,0.5,6,-1,0.0,3.0,6.853,3.0,7.0,1.0,3.0,0.0,0.0,3.0,1.173,1.8,0.5
0.0,3.0,6.853,3.0,7.0,1.0,3.0,0.0,0.0,3.0,1.173,1.8,0.5,11,-1,0.0,3.0,6.847,3.0,7.0,0.0,1.0,0.0,0.0,3.0,1.2,1.8,0.5
0.0,3.0,6.847,3.0,7.0,0.0,1.0,0.0,0.0,3.0,1.2,1.8,0.5,11,-1,0.0,3.0,6.847,3.0,7.0,0.0,1.0,0.0,0.0,3.0,1.2,1.8,0.5
0.0,3.0,6.847,3.0,7.0,0.0,1.0,0.0,0.0,3.0,1.2,1.8,0.5,1,-1,0.0,3.0,6.847,3.0,7.0,0.0,1.0,0.0,0.0,3.0,1.2,1.8,0.5
0.0,3.0,6.847,3.0,7.0,0.0,1.0,0.0,0.0,3.0,1.2,1.8,0.5,8,-1,0.0,3.0,6.847,3.0,7.0,0.0,1.0,0.0,0.0,3.0,1.2,1.8,0.5
0.0,3.0,6.847,3.0,7.0,0.0,1.0,0.0,0.0,3.0,1.2,1.8,0.5,3,-1,0.0,3.0,6.847,3.0,7.0,0.0,1.0,0.0,0.0,3.0,1.2,1.8,0.5
0.0,3.0,6.847,3.0,7.0,0.0,1.0,0.0,0.0,3.0,1.2,1.8,0.5,7,-1,0.0,3.0,6.847,3.0,7.0,0.0,2.0,0.0,0.0,3.0,1.2,1.8,0.5
0.0,3.0,6.847,3.0,7.0,0.0,2.0,0.0,0.0,3.0,1.2,1.8,0.5,9,-1,0.0,1.0,6.84,3.0,7.0,1.0,2.0,0.0,0.0,3.0,1.213,1.8,0.5
1.0,3.0,5.8,3.0,7.0,0.0,3.0,0.0,0.0,3.0,0.013,1.8,0.5,11,9,1.0,3.0,6.617,3.0,7.0,1.0,3.0,0.0,0.0,3.0,2.0,1.8,0.5
1.0,3.0,5.913,3.0,7.0,1.0,3.0,0.0,0.0,3.0,0.387,1.8,0.5,11,-1,0.0,3.0,4.963,3.0,7.0,0.0,3.0,0.0,1.0,3.0,0.0,1.8,3.0
0.0,3.0,4.963,3.0,7.0,0.0,3.0,0.0,1.0,3.0,0.0,1.8,3.0,1,-1,0.0,3.0,4.027,3.0,7.0,0.0,3.0,0.0,1.0,3.0,0.0,1.8,4.0
0.0,3.0,4.027,3.0,7.0,0.0,3.0,0.0,1.0,3.0,0.0,1.8,4.0,3,-1,0.0,3.0,4.027,3.0,7.0,0.0,3.0,0.0,1.0,3.0,0.0,1.8,3.5
0.0,3.0,4.027,3.0,7.0,0.0,3.0,0.0,1.0,3.0,0.0,1.8,3.5,11,9,0.0,3.0,3.217,3.0,7.0,1.0,2.0,0.0,0.0,3.0,2.0,1.8,0.5
1.0,3.0,5.8,3.0,7.0,0.0,3.0,0.0,0.0,3.0,0.0,1.8,0.5,8,-1,0.0,3.0,6.927,3.0,7.0,1.0,3.0,0.0,0.0,3.0,0.213,1.8,0.5
0.0,3.0,6.927,3.0,7.0,1.0,3.0,0.0,0.0,3.0,0.213,1.8,0.5,11,9,0.0,3.0,6.113,3.0,7.0,1.0,3.0,0.0,0.0,3.0,2.0,1.8,0.5
1.0,3.0,5.807,3.0,7.0,0.0,3.0,0.0,0.0,3.0,0.0,1.8,0.5,10,-1,1.0,3.0,5.813,3.0,7.0,0.0,3.0,0.0,0.0,3.0,0.0,1.8,0.5
1.0,3.0,5.813,3.0,7.0,0.0,3.0,0.0,0.0,3.0,0.0,1.8,0.5,6,-1,1.0,3.0,5.82,2.0,8.0,1.0,3.0,0.0,0.0,3.0,0.0,1.8,0.5
1.0,3.0,5.82,2.0,8.0,1.0,3.0,0.0,0.0,3.0,0.0,1.8,0.5,1,9,0.0,3.0,8.017,2.0,8.0,0.0,1.0,0.0,0.0,3.0,0.027,1.8,0.5
1.0,3.0,5.8,3.0,7.0,1.0,3.0,0.0,0.0,3.0,0.0,1.8,0.5,11,9,1.0,3.0,6.807,3.0,7.0,0.0,3.0,0.0,0.0,3.0,2.0,1.8,0.5
1.0,3.0,5.903,3.0,7.0,1.0,3.0,0.0,0.0,3.0,0.413,1.8,0.5,11,9,1.0,3.0,6.867,3.0,7.0,0.0,3.0,0.0,0.0,3.0,2.0,1.8,0.5
1.0,3.0,5.8,3.0,7.0,1.0,3.0,0.0,0.0,3.0,0.0,1.8,0.5,11,-1,0.0,3.0,5.407,3.0,7.0,1.0,3.0,0.0,0.0,3.0,0.613,1.8,0.5
0.0,3.0,5.407,3.0,7.0,1.0,3.0,0.0,0.0,3.0,0.613,1.8,0.5,11,-1,0.0,3.0,4.743,3.0,7.0,0.0,3.0,0.0,1.0,3.0,0.0,1.8,1.0
0.0,3.0,4.743,3.0,7.0,0.0,3.0,0.0,1.0,3.0,0.0,1.8,1.0,9,-1,0.0,3.0,4.743,3.0,7.0,0.0,3.0,0.0,1.0,3.0,0.0,1.8,0.5
0.0,3.0,4.743,3.0,7.0,0.0,3.0,0.0,1.0,3.0,0.0,1.8,0.5,11,-1,0.0,3.0,3.957,3.0,7.0,1.0,3.0,0.0,0.0,3.0,2.0,9.0,0.5
0.0,3.0,3.957,3.0,7.0,1.0,3.0,0.0,0.0,3.0,2.0,9.0,0.5,3,-1,0.0,3.0,3.953,3.0,7.0,1.0,3.0,0.0,0.0,3.0,2.0,9.0,0.5
0.0,3.0,3.953,3.0,7.0,1.0,3.0,0.0,0.0,3.0,2.0,9.0,0.5,3,-1,0.0,3.0,3.95,3.0,7.0,1.0,3.0,0.0,0.0,3.0,2.0,9.0,0.5
0.0,3.0,3.95,3.0,7.0,1.0,3.0,0.0,0.0,3.0,2.0,9.0,0.5,3,-1,0.0,3.0,3.947,3.0,7.0,1.0,3.0,0.0,0.0,3.0,2.0,9.0,0.5
0.0,3.0,3.947,3.0,7.0,1.0,3.0,0.0,0.0,3.0,2.0,9.0,0.5,8,-1,1.0,3.0,3.327,3.0,7.0,1.0,2.0,0.0,0.0,3.0,2.0,9.0,0.5
1.0,3.0,3.327,3.0,7.0,1.0,2.0,0.0,0.0,3.0,2.0,9.0,0.5,3,-1,1.0,3.0,3.33,3.0,7.0,1.0,2.0,0.0,0.0,3.0,2.0,9.0,0.5
1.0,3.0,3.33,3.0,7.0,1.0,2.0,0.0,0.0,3.0,2.0,9.0,0.5,2,-1,1.0,3.0,3.337,3.0,7.0,1.0,2.0,0.0,0.0,3.0,2.0,9.0,0.5
1.0,3.0,5.8,3.0,7.0,1.0,3.0,0.0,0.0,3.0,0.0,1.8,0.5,11,9,1.0,3.0,6.603,3.0,7.0,1.0,3.0,0.0,0.0,3.0,2.0,1.8,0.5
1.0,3.0,5.907,3.0,7.0,1.0,3.0,0.0,0.0,3.0,0.4,1.8,0.5,11,9,1.0,3.0,6.707,3.0,7.0,1.0,3.0,0.0,0.0,3.0,2.0,1.8,0.5
1.0,3.0,5.8,3.0,7.0,0.0,3.0,0.0,0.0,3.0,0.0,1.8,0.5,9,-1,1.0,3.0,5.807,3.0,7.0,1.0,3.0,0.0,0.0,3.0,0.0,1.8,0.5
1.0,3.0,5.807,3.0,7.0,1.0,3.0,0.0,0.0,3.0,0.0,1.8,0.5,11,-1,1.0,3.0,6.593,3.0,7.0,1.0,3.0,0.0,0.0,3.0,2.0,9.0,0.5
1.0,3.0,6.593,3.0,7.0,1.0,3.0,0.0,0.0,3.0,2.0,9.0,0.5,10,-1,1.0,3.0,6.6,3.0,7.0,1.0,3.0,0.0,0.0,3.0,2.0,9.0,0.5
1.0,3.0,6.6,3.0,7.0,1.0,3.0,0.0,0.0,3.0,2.0,9.0,0.5,9,-1,1.0,3.0,6.603,3.0,7.0,1.0,3.0,0.0,0.0,3.0,2.0,9.0,0.5
1.0,3.0,6.603,3.0,7.0,1.0,3.0,0.0,0.0,3.0,2.0,9.0,0.5,0,9,0.0,3.0,6.383,5.0,5.0,1.0,3.0,0.0,0.0,3.0,2.0,9.0,0.5
1.0,3.0,5.8,3.0,7.0,0.0,3.0,0.0,0.0,3.0,0.0,1.8,0.5,11,9,1.0,3.0,6.633,3.0,7.0,1.0,3.0,0.0,0.0,3.0,2.0,1.8,0.5
1.0,3.0,5.903,3.0,7.0,1.0,3.0,0.0,0.0,3.0,0.387,1.8,0.5,11,-1,0.0,3.0,5.58,3.0,7.0,0.0,3.0,0.0,0.0,3.0,0.0,1.8,0.5
0.0,3.0,5.58,3.0,7.0,0.0,3.0,0.0,0.0,3.0,0.0,1.8,0.5,11,9,0.0,3.0,4.927,3.0,7.0,0.0,3.0,0.0,0.0,3.0,2.0,1.8,0.5
1.0,3.0,5.803,3.0,7.0,0.0,3.0,0.0,0.0,3.0,0.0,1.8,0.5,11,9,1.0,3.0,6.763,3.0,7.0,0.0,3.0,0.0,0.0,3.0,2.0,1.8,0.5
1.0,3.0,5.917,3.0,7.0,1.0,3.0,0.0,0.0,3.0,0.387,1.8,0.5,2,-1,1.0,3.0,5.923,3.0,7.0,1.0,3.0,0.0,0.0,3.0,0.413,1.8,0.5
1.0,3.0,5.923,3.0,7.0,1.0,3.0,0.0,0.0,3.0,0.413,1.8,0.5,8,9,1.0,2.0,7.5,3.0,7.0,1.0,3.0,0.0,0.0,3.0,0.72,1.8,0.5
1.0,3.0,5.8,3.0,7.0,0.0,3.0,0.0,0.0,3.0,0.0,1.8,0.5,4,0,1.0,3.0,5.807,3.0,7.0,0.0,3.0,0.0,0.0,3.0,0.0,1.8,0.5
1.0,3.0,5.807,3.0,7.0,0.0,3.0,0.0,0.0,3.0,0.0,1.8,0.5,2,-1,1.0,3.0,5.82,3.0,7.0,1.0,3.0,0.0,1.0,2.0,0.0,1.8,0.0
1.0,3.0,5.82,3.0,7.0,1.0,3.0,0.0,1.0,2.0,0.0,1.8,0.0,7,-1,1.0,2.0,5.827,3.0,7.0,1.0,3.0,0.0,1.0,2.0,0.0,1.8,19.0
1.0,2.0,5.827,3.0,7.0,1.0,3.0,0.0,1.0,2.0,0.0,1.8,19.0,11,-1,0.0,1.0,5.83,3.0,7.0,0.0,3.0,0.0,1.0,2.0,0.0,1.8,19.5
0.0,1.0,5.83,3.0,7.0,0.0,3.0,0.0,1.0,2.0,0.0,1.8,19.5,8,-1,0.0,1.0,5.743,3.0,7.0,0.0,3.0,0.0,1.0,2.0,0.0,1.8,6.0
0.0,1.0,5.743,3.0,7.0,0.0,3.0,0.0,1.0,2.0,0.0,1.8,6.0,11,-1,0.0,1.0,5.727,3.0,7.0,0.0,3.0,0.0,1.0,2.0,0.0,1.8,6.0
0.0,1.0,5.727,3.0,7.0,0.0,3.0,0.0,1.0,2.0,0.0,1.8,6.0,7,-1,0.0,1.0,5.727,3.0,7.0,0.0,3.0,0.0,1.0,2.0,0.0,1.8,5.5
0.0,1.0,5.727,3.0,7.0,0.0,3.0,0.0,1.0,2.0,0.0,1.8,5.5,4,-2,0.0,1.0,5.727,3.0,7.0,0.0,3.0,0.0,1.0,2.0,0.0,1.8,4.5
0.0,1.0,5.727,3.0,7.0,0.0,3.0,0.0,1.0,2.0,0.0,1.8,4.5,4,-2,0.0,1.0,5.727,3.0,7.0,0.0,3.0,0.0,1.0,2.0,0.0,1.8,3.5
0.0,1.0,5.727,3.0,7.0,0.0,3.0,0.0,1.0,2.0,0.0,1.8,3.5,5,-1,0.0,1.0,5.727,3.0,7.0,0.0,3.0,0.0,1.0,2.0,0.0,1.8,2.5
1.0,3.0,5.8,3.0,7.0,1.0,3.0,0.0,0.0,3.0,0.0,1.8,1.0,11,9,1.0,3.0,6.867,3.0,7.0,0.0,3.0,0.0,0.0,3.0,2.0,1.8,1.0
1.0,3.0,5.907,3.0,7.0,1.0,3.0,0.0,0.0,3.0,0.4,1.8,1.0,11,-1,0.0,3.0,5.583,3.0,7.0,0.0,3.0,0.0,1.0,3.0,0.0,1.8,10.5
0.0,3.0,5.583,3.0,7.0,0.0,3.0,0.0,1.0,3.0,0.0,1.8,10.5,5,-1,0.0,3.0,5.583,3.0,7.0,0.0,3.0,0.0,1.0,3.0,0.0,1.8,10.0
0.0,3.0,5.583,3.0,7.0,0.0,3.0,0.0,1.0,3.0,0.0,1.8,10.0,11,-1,0.0,3.0,5.583,3.0,7.0,0.0,3.0,0.0,0.0,1.0,0.0,1.8,7.0
0.0,3.0,5.583,3.0,7.0,0.0,3.0,0.0,0.0,1.0,0.0,1.8,7.0,5,-1,0.0,3.0,5.583,3.0,7.0,0.0,3.0,0.0,0.0,1.0,0.0,1.8,7.0
0.0,3.0,5.583,3.0,7.0,0.0,3.0,0.0,0.0,1.0,0.0,1.8,7.0,11,-1,0.0,3.0,5.583,3.0,7.0,0.0,3.0,0.0,0.0,1.0,0.0,1.8,7.0
0.0,3.0,5.583,3.0,7.0,0.0,3.0,0.0,0.0,1.0,0.0,1.8,7.0,4,0,0.0,3.0,5.583,3.0,7.0,0.0,3.0,0.0,1.0,2.0,0.0,1.8,7.0
0.0,3.0,5.583,3.0,7.0,0.0,3.0,0.0,1.0,2.0,0.0,1.8,7.0,1,-1,0.0,3.0,5.43,3.0,7.0,0.0,3.0,0.0,1.0,2.0,0.0,1.8,13.5
0.0,3.0,5.43,3.0,7.0,0.0,3.0,0.0,1.0,2.0,0.0,1.8,13.5,8,-1,0.0,3.0,5.317,3.0,7.0,0.0,3.0,0.0,1.0,2.0,0.0,1.8,10.5
0.0,3.0,5.317,3.0,7.0,0.0,3.0,0.0,1.0,2.0,0.0,1.8,10.5,6,-1,0.0,3.0,5.317,3.0,7.0,0.0,3.0,0.0,1.0,2.0,0.0,1.8,10.0
0.0,3.0,5.317,3.0,7.0,0.0,3.0,0.0,1.0,2.0,0.0,1.8,10.0,11,-1,0.0,3.0,5.317,3.0,7.0,0.0,1.0,0.0,1.0,2.0,0.0,1.8,8.5
1.0,3.0,5.807,3.0,7.0,1.0,3.0,0.0,1.0,3.0,0.0,1.8,5.5,11,9,1.0,3.0,6.903,3.0,7.0,0.0,3.0,0.0,0.0,3.0,1.88,1.8,1.0
1.0,3.0,5.913,3.0,7.0,1.0,3.0,0.0,0.0,3.0,0.373,1.8,1.0,10,-1,1.0,3.0,5.917,3.0,7.0,1.0,3.0,0.0,0.0,3.0,0.387,1.8,1.0
1.0,3.0,5.917,3.0,7.0,1.0,3.0,0.0,0.0,3.0,0.387,1.8,1.0,10,9,0.0,3.0,5.917,3.0,5.0,1.0,3.0,0.0,0.0,3.0,0.413,1.8,1.0
1.0,3.0,5.8,3.0,7.0,0.0,3.0,0.0,0.0,3.0,0.0,1.8,1.0,2,-1,1.0,3.0,5.807,3.0,7.0,0.0,3.0,0.0,0.0,3.0,0.013,1.8,1.0
1.0,3.0,5.807,3.0,7.0,0.0,3.0,0.0,0.0,3.0,0.013,1.8,1.0,11,-1,1.0,2.0,6.92,3.0,7.0,1.0,3.0,0.0,0.0,3.0,0.013,1.8,0.5
1.0,2.0,6.92,3.0,7.0,1.0,3.0,0.0,0.0,3.0,0.013,1.8,0.5,11,19,1.0,2.0,7.84,3.0,7.0,0.0,3.0,0.0,0.0,3.0,2.0,1.8,0.5
1.0,3.0,5.8,3.0,7.0,0.0,3.0,0.0,0.0,3.0,0.013,1.8,0.5,11,9,1.0,3.0,6.733,3.0,7.0,0.0,3.0,0.0,0.0,3.0,2.0,1.8,0.5
1.0,3.0,5.903,3.0,7.0,1.0,3.0,0.0,0.0,3.0,0.387,1.8,0.5,7,-1,0.0,3.0,5.573,3.0,7.0,0.0,3.0,0.0,1.0,3.0,0.0,1.8,18.0
0.0,3.0,5.573,3.0,7.0,0.0,3.0,0.0,1.0,3.0,0.0,1.8,18.0,3,-1,0.0,3.0,5.573,3.0,7.0,1.0,3.0,0.0,1.0,3.0,0.0,1.8,17.5
0.0,3.0,5.573,3.0,7.0,1.0,3.0,0.0,1.0,3.0,0.0,1.8,17.5,8,9,0.0,1.0,4.287,3.0,7.0,1.0,2.0,0.0,0.0,3.0,2.0,1.8,0.5
1.0,3.0,5.8,3.0,7.0,0.0,3.0,0.0,0.0,3.0,0.0,1.8,0.5,11,9,1.0,3.0,6.767,3.0,7.0,0.0,3.0,0.0,0.0,3.0,2.0,1.8,0.5
1.0,3.0,5.903,3.0,7.0,1.0,3.0,0.0,0.0,3.0,0.4,1.8,0.5,11,9,1.0,3.0,6.703,3.0,7.0,1.0,3.0,0.0,0.0,3.0,2.0,1.8,0.5
1.0,3.0,5.8,3.0,7.0,0.0,3.0,0.0,0.0,3.0,0.0,1.8,0.5,11,9,1.0,3.0,6.737,3.0,7.0,0.0,3.0,0.0,0.0,3.0,2.0,1.8,0.5
1.0,3.0,5.8,3.0,7.0,0.0,3.0,0.0,0.0,3.0,0.0,1.8,0.5,5,-1,1.0,3.0,5.807,3.0,7.0,1.0,3.0,0.0,0.0,1.0,0.0,1.8,0.5
1.0,3.0,5.807,3.0,7.0,1.0,3.0,0.0,0.0,1.0,0.0,1.8,0.5,5,-1,1.0,3.0,5.81,3.0,7.0,1.0,3.0,0.0,0.0,1.0,0.027,1.8,0.5
1.0,3.0,5.81,3.0,7.0,1.0,3.0,0.0,0.0,1.0,0.027,1.8,0.5,2,-1,1.0,3.0,5.817,3.0,7.0,1.0,3.0,0.0,0.0,1.0,0.04,1.8,0.5
1.0,3.0,5.817,3.0,7.0,1.0,3.0,0.0,0.0,1.0,0.04,1.8,0.5,11,9,1.0,2.0,6.737,3.0,7.0,0.0,3.0,0.0,0.0,1.0,2.0,1.8,0.5
1.0,3.0,5.9,3.0,7.0,1.0,3.0,0.0,0.0,3.0,0.4,1.8,0.5,11,-1,0.0,3.0,5.36,3.0,7.0,1.0,3.0,0.0,0.0,3.0,0.8,1.8,0.5
0.0,3.0,5.36,3.0,7.0,1.0,3.0,0.0,0.0,3.0,0.8,1.8,0.5,11,-1,0.0,3.0,4.577,3.0,7.0,0.0,3.0,0.0,1.0,3.0,0.0,1.8,17.0
0.0,3.0,4.577,3.0,7.0,0.0,3.0,0.0,1.0,3.0,0.0,1.8,17.0,8,-1,0.0,3.0,3.647,3.0,7.0,0.0,3.0,0.0,1.0,3.0,0.0,1.8,9.5
0.0,3.0,3.647,3.0,7.0,0.0,3.0,0.0,1.0,3.0,0.0,1.8,9.5,11,19,0.0,3.0,2.903,3.0,7.0,1.0,3.0,0.0,0.0,3.0,2.0,1.8,0.5
1.0,3.0,5.807,3.0,7.0,1.0,3.0,0.0,0.0,3.0,0.013,1.8,0.5,11,-1,1.0,3.0,6.717,3.0,7.0,0.0,3.0,0.0,0.0,3.0,0.0,1.8,0.5
1.0,3.0,6.717,3.0,7.0,0.0,3.0,0.0,0.0,3.0,0.0,1.8,0.5,11,9,0.0,3.0,6.937,3.0,7.0,1.0,3.0,0.0,0.0,3.0,2.0,1.8,0.5
1.0,3.0,5.8,3.0,7.0,0.0,3.0,0.0,0.0,3.0,0.013,1.8,0.5,11,9,1.0,3.0,6.617,3.0,7.0,1.0,3.0,0.0,0.0,3.0,2.0,1.8,0.5
1.0,3.0,5.903,3.0,7.0,1.0,3.0,0.0,0.0,3.0,0.427,1.8,0.5,3,-1,1.0,3.0,5.907,3.0,7.0,1.0,3.0,0.0,0.0,3.0,0.44,1.8,0.5
1.0,3.0,5.907,3.0,7.0,1.0,3.0,0.0,0.0,3.0,0.44,1.8,0.5,11,9,1.0,3.0,6.713,3.0,7.0,1.0,2.0,0.0,0.0,3.0,2.0,1.8,0.5
1.0,3.0,5.8,3.0,7.0,0.0,3.0,0.0,0.0,3.0,0.013,1.8,0.5,11,9,1.0,3.0,6.6,3.0,7.0,1.0,3.0,0.0,0.0,3.0,2.0,1.8,0.5
1.0,3.0,5.807,3.0,7.0,0.0,3.0,0.0,0.0,3.0,0.0,1.8,0.5,2,-1,0.0,3.0,5.61,3.0,7.0,1.0,3.0,0.0,0.0,3.0,1.733,1.8,0.5
0.0,3.0,5.61,3.0,7.0,1.0,3.0,0.0,0.0,3.0,1.733,1.8,0.5,10,-1,1.0,2.0,5.61,3.0,7.0,1.0,3.0,0.0,0.0,3.0,1.773,1.8,0.5
1.0,2.0,5.61,3.0,7.0,1.0,3.0,0.0,0.0,3.0,1.773,1.8,0.5,2,-1,1.0,2.0,5.613,4.0,7.0,1.0,3.0,0.0,0.0,3.0,1.787,1.8,0.5
1.0,2.0,5.613,4.0,7.0,1.0,3.0,0.0,0.0,3.0,1.787,1.8,0.5,11,9,1.0,2.0,7.09,4.0,7.0,1.0,3.0,0.0,0.0,3.0,0.427,1.8,0.5
1.0,3.0,5.8,3.0,7.0,1.0,3.0,0.0,0.0,3.0,0.0,1.8,0.5,11,9,1.0,3.0,6.6,3.0,7.0,1.0,3.0,0.0,0.0,3.0,2.0,1.8,0.5
1.0,3.0,5.903,3.0,7.0,1.0,3.0,0.0,0.0,3.0,0.4,1.8,0.5,5,-1,1.0,3.0,5.907,3.0,7.0,1.0,3.0,0.0,0.0,1.0,0.4,1.8,0.5
1.0,3.0,5.907,3.0,7.0,1.0,3.0,0.0,0.0,1.0,0.4,1.8,0.5,11,9,1.0,3.0,6.833,3.0,7.0,0.0,3.0,0.0,0.0,1.0,2.0,1.8,0.5
1.0,3.0,5.8,3.0,7.0,1.0,3.0,0.0,0.0,3.0,0.0,1.8,0.5,1,-1,0.0,3.0,6.937,3.0,7.0,1.0,3.0,0.0,0.0,3.0,0.213,1.8,0.5
0.0,3.0,6.937,3.0,7.0,1.0,3.0,0.0,0.0,3.0,0.213,1.8,0.5,11,9,0.0,3.0,6.127,3.0,7.0,1.0,3.0,0.0,0.0,3.0,2.0,1.8,0.5
1.0,3.0,5.8,3.0,7.0,0.0,3.0,0.0,0.0,3.0,0.0,1.8,0.5,2,-1,1.0,3.0,5.807,3.0,7.0,1.0,3.0,0.0,0.0,3.0,0.013,1.8,0.5
1.0,3.0,5.807,3.0,7.0,1.0,3.0,0.0,0.0,3.0,0.013,1.8,0.5,11,9,1.0,2.0,6.773,3.0,7.0,0.0,3.0,0.0,0.0,3.0,2.0,1.8,0.5
1.0,3.0,5.9,3.0,7.0,1.0,3.0,0.0,0.0,3.0,0.413,1.8,0.5,11,-1,0.0,3.0,5.46,3.0,7.0,1.0,3.0,0.0,0.0,3.0,0.493,1.8,0.5
0.0,3.0,5.46,3.0,7.0,1.0,3.0,0.0,0.0,3.0,0.493,1.8,0.5,4,0,0.0,3.0,5.457,3.0,7.0,1.0,3.0,0.0,0.0,3.0,0.507,1.8,0.5
0.0,3.0,5.457,3.0,7.0,1.0,3.0,0.0,0.0,3.0,0.507,1.8,0.5,11,-1,0.0,3.0,5.37,3.0,7.0,0.0,3.0,0.0,1.0,2.0,0.0,1.8,8.0
0.0,3.0,5.37,3.0,7.0,0.0,3.0,0.0,1.0,2.0,0.0,1.8,8.0,1,-1,0.0,3.0,5.243,3.0,7.0,0.0,3.0,0.0,1.0,2.0,0.0,1.8,15.5
0.0,3.0,5.243,3.0,7.0,0.0,3.0,0.0,1.0,2.0,0.0,1.8,15.5,8,-1,0.0,3.0,5.147,3.0,7.0,0.0,3.0,0.0,1.0,2.0,0.0,1.8,2.0
0.0,3.0,5.147,3.0,7.0,0.0,3.0,0.0,1.0,2.0,0.0,1.8,2.0,9,-1,0.0,3.0,5.147,3.0,7.0,0.0,3.0,0.0,1.0,2.0,0.0,1.8,1.5
0.0,3.0,5.147,3.0,7.0,0.0,3.0,0.0,1.0,2.0,0.0,1.8,1.5,11,-1,0.0,3.0,5.127,3.0,7.0,0.0,3.0,0.0,1.0,2.0,0.0,9.0,3.0
0.0,3.0,5.127,3.0,7.0,0.0,3.0,0.0,1.0,2.0,0.0,9.0,3.0,0,-1,0.0,3.0,5.093,3.0,7.0,1.0,3.0,0.0,1.0,2.0,0.0,9.0,18.5
0.0,3.0,5.093,3.0,7.0,1.0,3.0,0.0,1.0,2.0,0.0,9.0,18.5,9,-1,0.0,3.0,5.09,3.0,7.0,1.0,3.0,0.0,1.0,2.0,0.0,7.0,18.0
0.0,3.0,5.09,3.0,7.0,1.0,3.0,0.0,1.0,2.0,0.0,7.0,18.0,8,-1,0.0,3.0,4.973,3.0,7.0,0.0,3.0,0.0,1.0,2.0,0.0,7.0,4.5
1.0,3.0,5.803,3.0,7.0,0.0,3.0,0.0,1.0,3.0,0.0,1.8,2.5,11,-1,1.0,3.0,6.853,3.0,7.0,0.0,3.0,0.0,1.0,3.0,0.0,1.8,18.0
1.0,3.0,6.853,3.0,7.0,0.0,3.0,0.0,1.0,3.0,0.0,1.8,18.0,8,-1,0.0,3.0,6.087,3.0,7.0,0.0,3.0,0.0,1.0,3.0,0.0,1.8,19.0
0.0,3.0,6.087,3.0,7.0,0.0,3.0,0.0,1.0,3.0,0.0,1.8,19.0,7,-1,0.0,3.0,6.087,3.0,7.0,0.0,3.0,0.0,1.0,3.0,0.0,1.8,18.5
0.0,3.0,6.087,3.0,7.0,0.0,3.0,0.0,1.0,3.0,0.0,1.8,18.5,6,-1,0.0,3.0,6.087,3.0,7.0,0.0,3.0,0.0,1.0,3.0,0.0,1.8,18.0
0.0,3.0,6.087,3.0,7.0,0.0,3.0,0.0,1.0,3.0,0.0,1.8,18.0,8,-1,0.0,1.0,6.087,3.0,7.0,0.0,1.0,0.0,0.0,3.0,0.0,1.8,1.0
0.0,1.0,6.087,3.0,7.0,0.0,1.0,0.0,0.0,3.0,0.0,1.8,1.0,11,-1,0.0,1.0,6.087,3.0,7.0,0.0,1.0,0.0,0.0,3.0,0.0,1.8,1.0
0.0,1.0,6.087,3.0,7.0,0.0,1.0,0.0,0.0,3.0,0.0,1.8,1.0,7,-1,0.0,1.0,6.087,3.0,7.0,0.0,1.0,0.0,0.0,3.0,0.0,1.8,1.0
0.0,1.0,6.087,3.0,7.0,0.0,1.0,0.0,0.0,3.0,0.0,1.8,1.0,5,-1,0.0,1.0,6.087,3.0,7.0,0.0,1.0,0.0,0.0,3.0,0.0,1.8,1.0
0.0,1.0,6.087,3.0,7.0,0.0,1.0,0.0,0.0,3.0,0.0,1.8,1.0,11,-1,0.0,1.0,6.087,3.0,7.0,0.0,1.0,0.0,0.0,1.0,0.0,1.8,1.0
0.0,1.0,6.087,3.0,7.0,0.0,1.0,0.0,0.0,1.0,0.0,1.8,1.0,11,-1,0.0,1.0,6.087,3.0,7.0,0.0,1.0,0.0,0.0,1.0,0.0,1.8,1.0
1.0,3.0,5.8,3.0,7.0,0.0,3.0,0.0,0.0,3.0,0.0,1.8,1.0,11,9,1.0,3.0,6.84,3.0,7.0,0.0,3.0,0.0,0.0,3.0,2.0,1.8,1.0
1.0,3.0,5.907,3.0,7.0,1.0,3.0,0.0,0.0,3.0,0.413,1.8,1.0,11,9,1.0,3.0,6.933,3.0,7.0,0.0,3.0,0.0,0.0,3.0,2.0,1.8,1.0
1.0,3.0,5.8,3.0,7.0,1.0,3.0,0.0,0.0,3.0,0.0,1.8,1.0,11,9,1.0,3.0,6.84,3.0,7.0,0.0,3.0,0.0,0.0,3.0,2.0,1.8,1.0
1.0,3.0,5.8,3.0,7.0,0.0,3.0,0.0,0.0,3.0,0.0,1.8,1.0,11,-1,0.0,3.0,5.53,3.0,7.0,1.0,3.0,0.0,0.0,3.0,0.12,1.8,1.0
0.0,3.0,5.53,3.0,7.0,1.0,3.0,0.0,0.0,3.0,0.12,1.8,1.0,11,-1,0.0,3.0,4.983,3.0,7.0,0.0,3.0,0.0,1.0,3.0,0.0,1.8,3.0
0.0,3.0,4.983,3.0,7.0,0.0,3.0,0.0,1.0,3.0,0.0,1.8,3.0,4,0,0.0,3.0,4.983,3.0,7.0,0.0,3.0,0.0,1.0,2.0,0.0,1.8,2.0
0.0,3.0,4.983,3.0,7.0,0.0,3.0,0.0,1.0,2.0,0.0,1.8,2.0,10,-1,0.0,3.0,4.983,3.0,7.0,0.0,3.0,0.0,1.0,2.0,0.0,1.8,1.5
0.0,3.0,4.983,3.0,7.0,0.0,3.0,0.0,1.0,2.0,0.0,1.8,1.5,10,-1,0.0,3.0,4.983,4.0,5.0,0.0,3.0,0.0,1.0,2.0,0.0,1.8,1.0
0.0,3.0,4.983,4.0,5.0,0.0,3.0,0.0,1.0,2.0,0.0,1.8,1.0,11,-1,0.0,3.0,4.893,0.0,7.0,0.0,3.0,0.0,1.0,2.0,0.0,1.8,1.0
0.0,3.0,4.893,0.0,7.0,0.0,3.0,0.0,1.0,2.0,0.0,1.8,1.0,11,-1,0.0,3.0,4.82,0.0,7.0,0.0,3.0,0.0,1.0,2.0,0.0,1.8,1.0
0.0,3.0,4.82,0.0,7.0,0.0,3.0,0.0,1.0,2.0,0.0,1.8,1.0,11,-1,0.0,3.0,4.803,0.0,7.0,0.0,3.0,0.0,1.0,2.0,0.0,1.8,2.5
0.0,3.0,4.803,0.0,7.0,0.0,3.0,0.0,1.0,2.0,0.0,1.8,2.5,11,-1,0.0,3.0,4.79,0.0,7.0,0.0,3.0,0.0,1.0,2.0,0.0,1.8,3.5
0.0,3.0,4.79,0.0,7.0,0.0,3.0,0.0,1.0,2.0,0.0,1.8,3.5,9,-1,0.0,3.0,4.79,0.0,7.0,0.0,3.0,0.0,1.0,2.0,0.0,1.8,2.5
1.0,3.0,5.8,3.0,7.0,1.0,3.0,0.0,0.0,3.0,0.0,1.8,5.0,11,9,1.0,3.0,6.877,3.0,7.0,0.0,3.0,0.0,0.0,3.0,2.0,1.8,1.0
1.0,3.0,5.903,3.0,7.0,1.0,3.0,0.0,0.0,3.0,0.373,1.8,1.0,6,-1,1.0,3.0,5.907,3.0,7.0,0.0,3.0,0.0,0.0,3.0,0.387,1.8,1.0
1.0,3.0,5.907,3.0,7.0,0.0,3.0,0.0,0.0,3.0,0.387,1.8,1.0,11,9,0.0,3.0,7.02,3.0,7.0,0.0,1.0,0.0,0.0,3.0,0.4,1.8,1.0
1.0,3.0,5.8,3.0,7.0,1.0,3.0,0.0,0.0,3.0,0.0,1.8,1.0,11,9,1.0,3.0,6.89,3.0,7.0,0.0,3.0,0.0,0.0,3.0,2.0,1.8,1.0
1.0,3.0,5.8,3.0,7.0,1.0,3.0,0.0,0.0,3.0,0.0,1.8,1.0,10,-1,1.0,3.0,5.803,3.0,7.0,1.0,3.0,0.0,0.0,3.0,0.013,1.8,1.0
1.0,3.0,5.803,3.0,7.0,1.0,3.0,0.0,0.0,3.0,0.013,1.8,1.0,11,9,1.0,3.0,6.813,4.0,8.0,0.0,3.0,0.0,0.0,3.0,2.0,1.8,1.0
1.0,3.0,5.907,3.0,7.0,1.0,3.0,0.0,0.0,3.0,0.413,1.8,1.0,11,-1,0.0,3.0,5.147,3.0,7.0,0.0,3.0,0.0,0.0,3.0,1.773,1.8,1.0
0.0,3.0,5.147,3.0,7.0,0.0,3.0,0.0,0.0,3.0,1.773,1.8,1.0,11,-1,0.0,3.0,5.12,3.0,7.0,1.0,3.0,0.0,0.0,3.0,0.013,1.8,1.0
0.0,3.0,5.12,3.0,7.0,1.0,3.0,0.0,0.0,3.0,0.013,1.8,1.0,5,-1,0.0,3.0,5.117,3.0,7.0,1.0,3.0,0.0,0.0,3.0,0.04,1.8,1.0
0.0,3.0,5.117,3.0,7.0,1.0,3.0,0.0,0.0,3.0,0.04,1.8,1.0,11,9,0.0,3.0,4.657,3.0,7.0,0.0,3.0,0.0,0.0,1.0,1.88,1.8,1.0
1.0,3.0,5.8,3.0,7.0,1.0,3.0,0.0,0.0,3.0,0.0,1.8,1.0,11,-1,1.0,3.0,6.913,3.0,7.0,0.0,3.0,0.0,1.0,3.0,0.0,1.8,2.5
1.0,3.0,6.913,3.0,7.0,0.0,3.0,0.0,1.0,3.0,0.0,1.8,2.5,6,-1,1.0,3.0,6.927,3.0,7.0,0.0,1.0,0.0,1.0,3.0,0.0,1.8,2.0
1.0,3.0,6.927,3.0,7.0,0.0,1.0,0.0,1.0,3.0,0.0,1.8,2.0,3,-1,1.0,3.0,6.933,3.0,7.0,0.0,1.0,0.0,1.0,3.0,0.0,1.8,1.5
1.0,3.0,6.933,3.0,7.0,0.0,1.0,0.0,1.0,3.0,0.0,1.8,1.5,5,-1,1.0,3.0,6.94,3.0,7.0,1.0,1.0,0.0,1.0,3.0,0.0,1.8,1.0
1.0,3.0,6.94,3.0,7.0,1.0,1.0,0.0,1.0,3.0,0.0,1.8,1.0,11,9,0.0,3.0,6.247,3.0,7.0,1.0,2.0,0.0,0.0,1.0,2.0,1.8,0.5
1.0,3.0,5.807,3.0,7.0,0.0,3.0,0.0,0.0,3.0,0.0,1.8,0.5,10,-1,1.0,3.0,5.813,3.0,7.0,0.0,3.0,0.0,0.0,3.0,0.0,1.8,0.5
1.0,3.0,5.813,3.0,7.0,0.0,3.0,0.0,0.0,3.0,0.0,1.8,0.5,11,9,0.0,3.0,5.163,4.0,5.0,0.0,3.0,0.0,1.0,3.0,0.0,1.8,1.5
1.0,3.0,5.91,3.0,7.0,1.0,3.0,0.0,0.0,3.0,0.387,1.8,0.5,5,-1,1.0,3.0,5.917,3.0,7.0,0.0,3.0,0.0,0.0,3.0,0.4,1.8,0.5
1.0,3.0,5.917,3.0,7.0,0.0,3.0,0.0,0.0,3.0,0.4,1.8,0.5,11,9,1.0,3.0,6.827,3.0,7.0,0.0,3.0,0.0,0.0,1.0,2.0,1.8,0.5
1.0,3.0,5.807,3.0,7.0,0.0,3.0,0.0,0.0,3.0,0.0,1.8,0.5,7,-1,1.0,3.0,5.817,3.0,7.0,1.0,3.0,0.0,0.0,3.0,0.013,1.8,0.5
1.0,3.0,5.817,3.0,7.0,1.0,3.0,0.0,0.0,3.0,0.013,1.8,0.5,11,9,0.0,1.0,5.16,3.0,7.0,0.0,3.0,0.0,0.0,3.0,2.0,1.8,0.5
1.0,3.0,5.8,3.0,7.0,0.0,3.0,0.0,0.0,3.0,0.0,1.8,0.5,11,-1,0.0,3.0,5.59,3.0,7.0,0.0,3.0,0.0,1.0,3.0,0.0,1.8,11.0
0.0,3.0,5.59,3.0,7.0,0.0,3.0,0.0,1.0,3.0,0.0,1.8,11.0,3,-1,0.0,3.0,5.59,3.0,7.0,0.0,3.0,0.0,1.0,3.0,0.0,1.8,10.5
0.0,3.0,5.59,3.0,7.0,0.0,3.0,0.0,1.0,3.0,0.0,1.8,10.5,11,9,0.0,3.0,4.83,3.0,7.0,1.0,2.0,0.0,0.0,3.0,2.0,1.8,0.5
1.0,3.0,5.8,3.0,7.0,1.0,3.0,0.0,0.0,3.0,0.0,1.8,0.5,7,-1,1.0,3.0,5.807,3.0,7.0,1.0,3.0,0.0,0.0,3.0,0.0,1.8,0.5
1.0,3.0,5.807,3.0,7.0,1.0,3.0,0.0,0.0,3.0,0.0,1.8,0.5,1,-1,0.0,1.0,4.823,3.0,7.0,1.0,3.0,0.0,0.0,3.0,0.253,1.8,0.5
0.0,1.0,4.823,3.0,7.0,1.0,3.0,0.0,0.0,3.0,0.253,1.8,0.5,0,-1,0.0,1.0,4.523,3.0,7.0,1.0,3.0,0.0,0.0,3.0,1.467,1.8,0.5
0.0,1.0,4.523,3.0,7.0,1.0,3.0,0.0,0.0,3.0,1.467,1.8,0.5,3,-1,0.0,1.0,4.517,3.0,7.0,1.0,3.0,0.0,0.0,3.0,1.48,1.8,0.5
0.0,1.0,4.517,3.0,7.0,1.0,3.0,0.0,0.0,3.0,1.48,1.8,0.5,10,-1,0.0,1.0,4.51,3.0,7.0,1.0,2.0,0.0,0.0,3.0,1.507,1.8,0.5
0.0,1.0,4.51,3.0,7.0,1.0,2.0,0.0,0.0,3.0,1.507,1.8,0.5,11,19,0.0,1.0,3.703,5.0,8.0,1.0,2.0,0.0,0.0,3.0,2.0,1.8,0.5
1.0,3.0,5.8,3.0,7.0,1.0,3.0,0.0,0.0,3.0,0.013,1.8,0.5,11,9,1.0,3.0,6.593,3.0,7.0,1.0,3.0,0.0,0.0,3.0,2.0,1.8,0.5
1.0,3.0,5.903,3.0,7.0,1.0,3.0,0.0,0.0,3.0,0.4,1.8,0.5,11,9,1.0,3.0,6.86,3.0,7.0,0.0,3.0,0.0,0.0,3.0,2.0,1.8,0.5
1.0,3.0,5.803,3.0,7.0,0.0,3.0,0.0,0.0,3.0,0.0,1.8,0.5,11,9,1.0,3.0,6.743,3.0,7.0,0.0,3.0,0.0,0.0,3.0,2.0,1.8,0.5
1.0,3.0,5.8,3.0,7.0,1.0,3.0,0.0,0.0,3.0,0.0,1.8,9.0,2,-1,0.0,3.0,5.59,3.0,7.0,1.0,3.0,0.0,0.0,3.0,1.32,1.8,1.0
0.0,3.0,5.59,3.0,7.0,1.0,3.0,0.0,0.0,3.0,1.32,1.8,1.0,11,9,1.0,2.0,6.657,3.0,7.0,0.0,3.0,0.0,0.0,3.0,2.0,1.8,1.0
1.0,3.0,5.807,3.0,7.0,0.0,3.0,0.0,0.0,3.0,0.013,1.8,1.0,11,-1,1.0,3.0,6.943,3.0,7.0,0.0,3.0,0.0,1.0,3.0,0.0,1.8,1.5
1.0,3.0,6.943,3.0,7.0,0.0,3.0,0.0,1.0,3.0,0.0,1.8,1.5,11,9,0.0,3.0,6.513,3.0,7.0,0.0,3.0,0.0,0.0,3.0,2.0,1.8,1.0
1.0,3.0,5.807,3.0,7.0,1.0,3.0,0.0,0.0,3.0,0.0,1.8,12.5,11,-1,1.0,3.0,6.86,3.0,7.0,1.0,3.0,0.0,0.0,3.0,0.04,1.8,1.0
1.0,3.0,6.86,3.0,7.0,1.0,3.0,0.0,0.0,3.0,0.04,1.8,1.0,11,19,0.0,3.0,7.373,3.0,7.0,0.0,3.0,0.0,0.0,3.0,2.0,1.8,1.0
1.0,3.0,5.8,3.0,7.0,0.0,3.0,0.0,0.0,3.0,0.0,1.8,4.5,11,9,1.0,3.0,6.61,3.0,7.0,1.0,3.0,0.0,0.0,3.0,2.0,1.8,0.5
1.0,3.0,5.91,3.0,7.0,1.0,3.0,0.0,0.0,3.0,0.373,1.8,0.5,0,-1,1.0,3.0,6.203,3.0,7.0,1.0,3.0,0.0,0.0,3.0,1.547,1.8,0.5
1.0,3.0,6.203,3.0,7.0,1.0,3.0,0.0,0.0,3.0,1.547,1.8,0.5,11,9,0.0,3.0,7.267,3.0,7.0,0.0,3.0,0.0,0.0,3.0,0.0,1.8,1.0
1.0,3.0,5.807,3.0,7.0,1.0,3.0,0.0,0.0,3.0,0.0,1.8,1.0,4,0,0.0,3.0,5.627,3.0,7.0,1.0,3.0,0.0,0.0,3.0,1.72,1.8,1.0
0.0,3.0,5.627,3.0,7.0,1.0,3.0,0.0,0.0,3.0,1.72,1.8,1.0,5,-1,0.0,3.0,5.62,3.0,7.0,1.0,3.0,0.0,1.0,2.0,1.747,1.8,0.0
0.0,3.0,5.62,3.0,7.0,1.0,3.0,0.0,1.0,2.0,1.747,1.8,0.0,11,9,0.0,3.0,5.587,3.0,7.0,0.0,3.0,0.0,0.0,1.0,1.88,1.8,0.0
1.0,3.0,5.8,3.0,7.0,0.0,3.0,0.0,0.0,3.0,0.0,1.8,0.0,11,9,1.0,3.0,6.593,3.0,7.0,1.0,3.0,0.0,0.0,3.0,2.0,1.8,0.0
1.0,3.0,5.903,3.0,7.0,1.0,3.0,0.0,0.0,3.0,0.4,1.8,0.0,11,9,1.0,3.0,6.713,3.0,7.0,1.0,3.0,0.0,0.0,3.0,2.0,1.8,0.0
1.0,3.0,5.8,3.0,7.0,0.0,3.0,0.0,0.0,3.0,0.0,1.8,0.0,11,-1,1.0,3.0,6.74,3.0,7.0,0.0,3.0,0.0,0.0,3.0,0.0,1.8,1.0
1.0,3.0,6.74,3.0,7.0,0.0,3.0,0.0,0.0,3.0,0.0,1.8,1.0,9,-1,1.0,3.0,6.747,3.0,7.0,1.0,3.0,0.0,0.0,3.0,0.0,7.0,1.0
1.0,3.0,6.747,3.0,7.0,1.0,3.0,0.0,0.0,3.0,0.0,7.0,1.0,4,0,1.0,3.0,6.753,3.0,7.0,1.0,3.0,0.0,0.0,3.0,0.013,7.0,1.0
1.0,3.0,6.753,3.0,7.0,1.0,3.0,0.0,0.0,3.0,0.013,7.0,1.0,11,9,0.0,3.0,7.643,3.0,7.0,0.0,3.0,0.0,1.0,2.0,0.0,7.0,17.5
1.0,3.0,5.8,3.0,7.0,1.0,3.0,0.0,0.0,3.0,0.0,1.8,0.5,11,-1,1.0,3.0,6.76,3.0,7.0,0.0,3.0,0.0,0.0,3.0,0.0,1.8,0.5
1.0,3.0,6.76,3.0,7.0,0.0,3.0,0.0,0.0,3.0,0.0,1.8,0.5,2,-1,1.0,3.0,6.773,3.0,7.0,1.0,3.0,0.0,0.0,3.0,0.0,1.8,0.5
1.0,3.0,6.773,3.0,7.0,1.0,3.0,0.0,0.0,3.0,0.0,1.8,0.5,4,0,1.0,3.0,6.777,3.0,7.0,1.0,3.0,0.0,0.0,2.0,0.013,1.8,0.5
1.0,3.0,6.777,3.0,7.0,1.0,3.0,0.0,0.0,2.0,0.013,1.8,0.5,1,9,1.0,2.0,9.243,3.0,7.0,0.0,3.0,0.0,1.0,2.0,0.0,1.8,7.5
1.0,3.0,5.807,3.0,7.0,1.0,3.0,0.0,0.0,3.0,0.0,1.8,7.0,11,-1,0.0,3.0,5.49,3.0,7.0,0.0,3.0,0.0,0.0,3.0,0.0,1.8,1.0
0.0,3.0,5.49,3.0,7.0,0.0,3.0,0.0,0.0,3.0,0.0,1.8,1.0,11,9,0.0,3.0,4.907,3.0,7.0,0.0,3.0,0.0,0.0,3.0,2.0,1.8,1.0
1.0,3.0,5.8,3.0,7.0,0.0,3.0,0.0,0.0,3.0,0.0,1.8,4.0,11,-1,1.0,3.0,6.943,3.0,7.0,0.0,3.0,0.0,1.0,3.0,0.0,1.8,1.0
1.0,3.0,6.943,3.0,7.0,0.0,3.0,0.0,1.0,3.0,0.0,1.8,1.0,11,9,0.0,3.0,6.287,3.0,7.0,1.0,3.0,0.0,0.0,3.0,2.0,1.8,0.5
1.0,3.0,5.8,3.0,7.0,1.0,3.0,0.0,0.0,3.0,0.0,1.8,7.0,9,-1,1.0,3.0,5.803,3.0,7.0,0.0,3.0,0.0,0.0,3.0,0.0,1.8,7.0
1.0,3.0,5.803,3.0,7.0,0.0,3.0,0.0,0.0,3.0,0.0,1.8,7.0,11,-1,1.0,3.0,6.773,3.0,7.0,1.0,3.0,0.0,0.0,3.0,2.0,8.0,1.0
1.0,3.0,6.773,3.0,7.0,1.0,3.0,0.0,0.0,3.0,2.0,8.0,1.0,0,-1,0.0,3.0,6.953,3.0,7.0,1.0,3.0,0.0,0.0,3.0,2.0,8.0,1.0
0.0,3.0,6.953,3.0,7.0,1.0,3.0,0.0,0.0,3.0,2.0,8.0,1.0,11,-1,0.0,3.0,6.4,3.0,7.0,0.0,3.0,0.0,0.0,3.0,2.0,8.0,1.0
0.0,3.0,6.4,3.0,7.0,0.0,3.0,0.0,0.0,3.0,2.0,8.0,1.0,6,-1,0.0,3.0,6.4,3.0,7.0,0.0,3.0,0.0,0.0,3.0,2.0,8.0,1.0
0.0,3.0,6.4,3.0,7.0,0.0,3.0,0.0,0.0,3.0,2.0,8.0,1.0,0,-1,0.0,3.0,6.397,3.0,7.0,0.0,1.0,0.0,0.0,3.0,2.0,8.0,1.0
0.0,3.0,6.397,3.0,7.0,0.0,1.0,0.0,0.0,3.0,2.0,8.0,1.0,0,-1,0.0,3.0,6.397,3.0,7.0,0.0,1.0,0.0,0.0,3.0,2.0,8.0,1.0
0.0,3.0,6.397,3.0,7.0,0.0,1.0,0.0,0.0,3.0,2.0,8.0,1.0,0,-1,0.0,3.0,6.397,3.0,7.0,0.0,1.0,0.0,0.0,3.0,2.0,8.0,1.0
0.0,3.0,6.397,3.0,7.0,0.0,1.0,0.0,0.0,3.0,2.0,8.0,1.0,0,-1,0.0,3.0,6.397,3.0,7.0,0.0,1.0,0.0,0.0,3.0,2.0,8.0,1.0
0.0,3.0,6.397,3.0,7.0,0.0,1.0,0.0,0.0,3.0,2.0,8.0,1.0,0,-1,0.0,3.0,6.397,3.0,7.0,0.0,1.0,0.0,0.0,3.0,2.0,8.0,1.0
1.0,3.0,5.8,3.0,7.0,0.0,3.0,0.0,0.0,3.0,0.0,1.8,1.0,3,-1,1.0,3.0,5.807,3.0,7.0,1.0,3.0,0.0,0.0,3.0,0.0,1.8,1.0
1.0,3.0,5.807,3.0,7.0,1.0,3.0,0.0,0.0,3.0,0.0,1.8,1.0,11,9,1.0,3.0,6.637,3.0,7.0,1.0,2.0,0.0,0.0,3.0,2.0,1.8,1.0
1.0,3.0,5.907,3.0,7.0,1.0,3.0,0.0,0.0,3.0,0.387,1.8,1.0,11,9,0.0,3.0,7.013,3.0,7.0,0.0,3.0,0.0,1.0,3.0,0.0,1.8,11.0
1.0,3.0,5.807,3.0,7.0,1.0,3.0,0.0,0.0,3.0,0.0,1.8,1.0,11,-1,0.0,3.0,5.58,3.0,7.0,0.0,3.0,0.0,0.0,3.0,0.0,1.8,0.0
0.0,3.0,5.58,3.0,7.0,0.0,3.0,0.0,0.0,3.0,0.0,1.8,0.0,0,-1,0.0,3.0,5.33,3.0,7.0,1.0,3.0,0.0,0.0,3.0,0.987,1.8,0.0
0.0,3.0,5.33,3.0,7.0,1.0,3.0,0.0,0.0,3.0,0.987,1.8,0.0,7,-1,0.0,3.0,5.327,3.0,7.0,1.0,3.0,0.0,0.0,3.0,1.0,1.8,0.0
0.0,3.0,5.327,3.0,7.0,1.0,3.0,0.0,0.0,3.0,1.0,1.8,0.0,0,-1,0.0,1.0,5.113,3.0,7.0,0.0,3.0,0.0,1.0,3.0,0.0,1.8,7.0
0.0,1.0,5.113,3.0,7.0,0.0,3.0,0.0,1.0,3.0,0.0,1.8,7.0,11,-1,0.0,1.0,4.623,3.0,7.0,0.0,3.0,0.0,1.0,3.0,0.0,1.8,2.0
0.0,1.0,4.623,3.0,7.0,0.0,3.0,0.0,1.0,3.0,0.0,1.8,2.0,11,-1,0.0,1.0,4.103,3.0,7.0,1.0,3.0,0.0,0.0,3.0,0.013,1.8,0.0
0.0,1.0,4.103,3.0,7.0,1.0,3.0,0.0,0.0,3.0,0.013,1.8,0.0,11,9,0.0,1.0,3.317,3.0,7.0,1.0,3.0,0.0,0.0,3.0,2.0,1.8,0.0
1.0,3.0,5.8,3.0,7.0,0.0,3.0,0.0,0.0,3.0,0.0,1.8,0.0,11,9,1.0,3.0,6.6,3.0,7.0,1.0,3.0,0.0,0.0,3.0,2.0,1.8,0.0
1.0,3.0,5.907,3.0,7.0,1.0,3.0,0.0,0.0,3.0,0.4,1.8,0.0,11,9,1.0,3.0,6.877,3.0,7.0,0.0,3.0,0.0,0.0,3.0,2.0,1.8,0.0
1.0,3.0,5.8,3.0,7.0,0.0,3.0,0.0,0.0,3.0,0.0,1.8,0.0,11,9,1.0,3.0,6.697,3.0,7.0,0.0,3.0,0.0,0.0,3.0,2.0,1.8,0.0
1.0,3.0,5.8,3.0,7.0,1.0,3.0,0.0,0.0,3.0,0.0,1.8,0.0,8,-1,0.0,3.0,6.94,3.0,7.0,1.0,3.0,0.0,0.0,3.0,0.253,1.8,1.0
0.0,3.0,6.94,3.0,7.0,1.0,3.0,0.0,0.0,3.0,0.253,1.8,1.0,11,9,0.0,3.0,6.343,3.0,7.0,0.0,3.0,0.0,0.0,3.0,2.0,1.8,1.0
1.0,3.0,5.8,3.0,7.0,1.0,3.0,0.0,0.0,3.0,0.0,1.8,1.0,11,-1,0.0,3.0,5.567,3.0,7.0,0.0,3.0,0.0,1.0,3.0,0.0,1.8,12.5
0.0,3.0,5.567,3.0,7.0,0.0,3.0,0.0,1.0,3.0,0.0,1.8,12.5,0,-1,0.0,3.0,5.353,3.0,7.0,1.0,3.0,0.0,0.0,3.0,0.84,1.8,1.0
0.0,3.0,5.353,3.0,7.0,1.0,3.0,0.0,0.0,3.0,0.84,1.8,1.0,3,-1,0.0,3.0,5.347,3.0,7.0,1.0,3.0,0.0,0.0,3.0,0.867,1.8,1.0
0.0,3.0,5.347,3.0,7.0,1.0,3.0,0.0,0.0,3.0,0.867,1.8,1.0,11,9,0.0,3.0,4.517,3.0,7.0,1.0,2.0,0.0,0.0,3.0,2.0,1.8,1.0
1.0,3.0,5.8,3.0,7.0,1.0,3.0,0.0,0.0,3.0,0.0,1.8,1.0,11,-1,1.0,3.0,6.897,3.0,7.0,1.0,3.0,0.0,0.0,3.0,0.013,1.8,1.0
1.0,3.0,6.897,3.0,7.0,1.0,3.0,0.0,0.0,3.0,0.013,1.8,1.0,11,-1,0.0,3.0,6.627,3.0,7.0,0.0,3.0,0.0,0.0,3.0,0.0,1.8,1.0
0.0,3.0,6.627,3.0,7.0,0.0,3.0,0.0,0.0,3.0,0.0,1.8,1.0,11,9,0.0,3.0,6.12,3.0,7.0,0.0,3.0,0.0,0.0,3.0,2.0,1.8,1.0
1.0,3.0,5.8,3.0,7.0,0.0,3.0,0.0,0.0,3.0,0.0,1.8,1.0,11,9,1.0,3.0,6.913,3.0,7.0,0.0,3.0,0.0,0.0,3.0,2.0,1.8,1.0
1.0,3.0,5.907,3.0,7.0,1.0,3.0,0.0,0.0,3.0,0.373,1.8,1.0,8,-1,0.0,3.0,6.823,3.0,7.0,1.0,3.0,0.0,0.0,3.0,0.56,1.8,1.0
0.0,3.0,6.823,3.0,7.0,1.0,3.0,0.0,0.0,3.0,0.56,1.8,1.0,7,-1,0.0,3.0,6.82,3.0,7.0,1.0,3.0,0.0,0.0,3.0,0.573,1.8,1.0
0.0,3.0,6.82,3.0,7.0,1.0,3.0,0.0,0.0,3.0,0.573,1.8,1.0,11,9,0.0,1.0,6.283,3.0,7.0,0.0,3.0,0.0,0.0,3.0,2.0,1.8,1.0
1.0,3.0,5.8,3.0,7.0,1.0,3.0,0.0,0.0,3.0,0.0,1.8,1.0,11,9,1.0,3.0,6.863,3.0,7.0,0.0,3.0,0.0,0.0,3.0,2.0,1.8,1.0
1.0,3.0,5.907,3.0,7.0,1.0,3.0,0.0,0.0,3.0,0.4,1.8,1.0,0,-1,0.0,3.0,5.363,3.0,7.0,1.0,3.0,0.0,0.0,3.0,0.773,1.8,1.0
0.0,3.0,5.363,3.0,7.0,1.0,3.0,0.0,0.0,3.0,0.773,1.8,1.0,11,9,0.0,3.0,4.807,3.0,7.0,0.0,3.0,0.0,0.0,3.0,2.0,1.8,1.0
1.0,3.0,5.8,3.0,7.0,1.0,3.0,0.0,1.0,3.0,0.0,1.8,10.5,11,-1,1.0,3.0,6.977,3.0,7.0,0.0,3.0,0.0,0.0,3.0,1.707,1.8,1.0
1.0,3.0,6.977,3.0,7.0,0.0,3.0,0.0,0.0,3.0,1.707,1.8,1.0,1,-1,0.0,3.0,6.137,3.0,7.0,1.0,3.0,0.0,0.0,3.0,1.68,1.8,1.0
0.0,3.0,6.137,3.0,7.0,1.0,3.0,0.0,0.0,3.0,1.68,1.8,1.0,11,-1,0.0,3.0,5.983,3.0,7.0,1.0,3.0,0.0,0.0,3.0,0.427,1.8,1.0
0.0,3.0,5.983,3.0,7.0,1.0,3.0,0.0,0.0,3.0,0.427,1.8,1.0,11,9,0.0,3.0,5.437,3.0,7.0,0.0,3.0,0.0,0.0,3.0,2.0,1.8,1.0
1.0,3.0,5.803,3.0,7.0,0.0,3.0,0.0,1.0,3.0,0.0,1.8,9.0,0,-1,1.0,3.0,6.163,3.0,7.0,1.0,3.0,0.0,0.0,3.0,0.907,1.8,0.5
1.0,3.0,6.163,3.0,7.0,1.0,3.0,0.0,0.0,3.0,0.907,1.8,0.5,11,9,1.0,3.0,6.963,3.0,7.0,1.0,3.0,0.0,0.0,3.0,2.0,1.8,0.5
1.0,3.0,5.807,3.0,7.0,0.0,3.0,0.0,0.0,3.0,0.013,1.8,0.5,11,9,1.0,3.0,6.783,3.0,7.0,0.0,3.0,0.0,0.0,3.0,2.0,1.8,0.5
1.0,3.0,5.903,3.0,7.0,1.0,3.0,0.0,0.0,3.0,0.387,1.8,0.5,11,9,1.0,3.0,6.86,3.0,7.0,0.0,3.0,0.0,0.0,3.0,2.0,1.8,0.5
1.0,3.0,5.8,3.0,7.0,1.0,3.0,0.0,0.0,3.0,0.013,1.8,0.5,11,-1,0.0,3.0,5.527,3.0,7.0,1.0,3.0,0.0,0.0,3.0,0.2,1.8,0.5
0.0,3.0,5.527,3.0,7.0,1.0,3.0,0.0,0.0,3.0,0.2,1.8,0.5,10,-1,0.0,3.0,5.52,3.0,7.0,1.0,3.0,0.0,0.0,3.0,0.213,1.8,0.5
0.0,3.0,5.52,3.0,7.0,1.0,3.0,0.0,0.0,3.0,0.213,1.8,0.5,11,9,0.0,3.0,4.717,4.0,8.0,1.0,3.0,0.0,0.0,3.0,2.0,1.8,0.5
1.0,3.0,5.8,3.0,7.0,0.0,3.0,0.0,0.0,3.0,0.013,1.8,0.5,11,9,1.0,3.0,6.6,3.0,7.0,1.0,3.0,0.0,0.0,3.0,2.0,1.8,0.5
1.0,3.0,5.91,3.0,7.0,1.0,3.0,0.0,0.0,3.0,0.4,1.8,0.5,11,9,1.0,3.0,6.697,3.0,7.0,1.0,3.0,0.0,0.0,3.0,2.0,1.8,0.5
1.0,3.0,5.8,3.0,7.0,1.0,3.0,0.0,0.0,3.0,0.0,1.8,0.5,11,9,1.0,3.0,6.743,3.0,7.0,0.0,3.0,0.0,0.0,3.0,2.0,1.8,0.5
1.0,3.0,5.8,3.0,7.0,1.0,3.0,0.0,0.0,3.0,0.0,1.8,7.5,0,-1,1.0,3.0,6.163,3.0,7.0,1.0,3.0,0.0,0.0,3.0,0.973,1.8,0.5
1.0,3.0,6.163,3.0,7.0,1.0,3.0,0.0,0.0,3.0,0.973,1.8,0.5,6,-1,1.0,3.0,6.17,3.0,7.0,1.0,3.0,0.0,0.0,3.0,1.0,1.8,0.5
1.0,3.0,6.17,3.0,7.0,1.0,3.0,0.0,0.0,3.0,1.0,1.8,0.5,3,-1,1.0,3.0,6.173,3.0,7.0,0.0,3.0,0.0,0.0,3.0,1.0,1.8,0.5
1.0,3.0,6.173,3.0,7.0,0.0,3.0,0.0,0.0,3.0,1.0,1.8,0.5,11,9,1.0,3.0,7.0,3.0,7.0,1.0,2.0,0.0,0.0,3.0,2.0,1.8,0.5
1.0,3.0,5.8,3.0,7.0,1.0,3.0,0.0,0.0,3.0,0.0,1.8,0.5,11,-1,0.0,3.0,5.593,3.0,7.0,0.0,3.0,0.0,1.0,3.0,0.0,1.8,9.5
0.0,3.0,5.593,3.0,7.0,0.0,3.0,0.0,1.0,3.0,0.0,1.8,9.5,3,-1,0.0,3.0,5.593,3.0,7.0,0.0,3.0,0.0,1.0,3.0,0.0,1.8,9.0
0.0,3.0,5.593,3.0,7.0,0.0,3.0,0.0,1.0,3.0,0.0,1.8,9.0,6,-1,0.0,3.0,5.593,3.0,7.0,0.0,3.0,0.0,1.0,3.0,0.0,1.8,8.0
0.0,3.0,5.593,3.0,7.0,0.0,3.0,0.0,1.0,3.0,0.0,1.8,8.0,11,-1,0.0,3.0,5.593,3.0,7.0,0.0,1.0,0.0,0.0,3.0,0.0,1.8,1.0
0.0,3.0,5.593,3.0,7.0,0.0,1.0,0.0,0.0,3.0,0.0,1.8,1.0,11,-1,0.0,3.0,5.593,3.0,7.0,0.0,1.0,0.0,0.0,3.0,0.0,1.8,1.0
0.0,3.0,5.593,3.0,7.0,0.0,1.0,0.0,0.0,3.0,0.0,1.8,1.0,11,-1,0.0,3.0,5.593,3.0,7.0,0.0,1.0,0.0,0.0,3.0,0.0,1.8,1.0
0.0,3.0,5.593,3.0,7.0,0.0,1.0,0.0,0.0,3.0,0.0,1.8,1.0,2,-1,0.0,3.0,5.593,3.0,7.0,0.0,1.0,0.0,0.0,3.0,0.0,1.8,1.0
0.0,3.0,5.593,3.0,7.0,0.0,1.0,0.0,0.0,3.0,0.0,1.8,1.0,11,9,1.0,2.0,7.173,3.0,7.0,0.0,1.0,0.0,0.0,3.0,0.0,1.8,1.0
1.0,3.0,5.8,3.0,7.0,0.0,3.0,0.0,0.0,3.0,0.0,1.8,1.0,11,9,1.0,3.0,6.84,3.0,7.0,0.0,3.0,0.0,0.0,3.0,2.0,1.8,1.0
1.0,3.0,5.903,3.0,7.0,1.0,3.0,0.0,0.0,3.0,0.387,1.8,1.0,11,9,1.0,3.0,7.0,3.0,7.0,0.0,3.0,0.0,0.0,3.0,2.0,1.8,1.0
1.0,3.0,5.807,3.0,7.0,0.0,3.0,0.0,0.0,3.0,0.0,1.8,1.0,0,-1,1.0,3.0,6.113,3.0,7.0,1.0,3.0,0.0,0.0,3.0,1.2,1.8,1.0
1.0,3.0,6.113,3.0,7.0,1.0,3.0,0.0,0.0,3.0,1.2,1.8,1.0,11,9,0.0,3.0,7.01,3.0,7.0,1.0,3.0,0.0,0.0,3.0,0.0,1.8,0.5
1.0,3.0,5.8,3.0,7.0,1.0,3.0,0.0,0.0,3.0,0.0,1.8,0.5,11,-1,1.0,3.0,6.733,3.0,7.0,0.0,3.0,0.0,1.0,3.0,0.0,1.8,0.5
1.0,3.0,6.733,3.0,7.0,0.0,3.0,0.0,1.0,3.0,0.0,1.8,0.5,0,-1,0.0,3.0,6.98,3.0,7.0,1.0,3.0,0.0,0.0,3.0,1.16,1.8,0.5
0.0,3.0,6.98,3.0,7.0,1.0,3.0,0.0,0.0,3.0,1.16,1.8,0.5,10,-1,0.0,3.0,6.977,3.0,7.0,1.0,3.0,0.0,0.0,3.0,1.173,1.8,0.5
0.0,3.0,6.977,3.0,7.0,1.0,3.0,0.0,0.0,3.0,1.173,1.8,0.5,1,9,0.0,3.0,5.87,1.0,7.0,1.0,3.0,0.0,0.0,3.0,1.813,1.8,1.0
1.0,3.0,5.8,3.0,7.0,0.0,3.0,0.0,1.0,3.0,0.0,1.8,2.5,11,-1,0.0,3.0,5.563,3.0,7.0,0.0,3.0,0.0,1.0,3.0,0.0,1.8,12.5
0.0,3.0,5.563,3.0,7.0,0.0,3.0,0.0,1.0,3.0,0.0,1.8,12.5,7,-1,0.0,3.0,5.563,3.0,7.0,0.0,3.0,0.0,1.0,3.0,0.0,1.8,12.0
0.0,3.0,5.563,3.0,7.0,0.0,3.0,0.0,1.0,3.0,0.0,1.8,12.0,4,0,0.0,3.0,5.563,3.0,7.0,0.0,3.0,0.0,1.0,3.0,0.0,1.8,11.0
0.0,3.0,5.563,3.0,7.0,0.0,3.0,0.0,1.0,3.0,0.0,1.8,11.0,11,-1,0.0,1.0,5.543,3.0,7.0,0.0,3.0,0.0,1.0,2.0,0.0,1.8,11.5
0.0,1.0,5.543,3.0,7.0,0.0,3.0,0.0,1.0,2.0,0.0,1.8,11.5,0,-1,0.0,1.0,5.517,3.0,7.0,0.0,3.0,0.0,1.0,2.0,0.0,1.8,7.0
0.0,1.0,5.517,3.0,7.0,0.0,3.0,0.0,1.0,2.0,0.0,1.8,7.0,5,-1,0.0,1.0,5.517,3.0,7.0,0.0,3.0,0.0,1.0,2.0,0.0,1.8,6.0
0.0,1.0,5.517,3.0,7.0,0.0,3.0,0.0,1.0,2.0,0.0,1.8,6.0,8,-1,0.0,1.0,5.517,3.0,7.0,0.0,3.0,0.0,0.0,1.0,0.0,1.8,6.0
0.0,1.0,5.517,3.0,7.0,0.0,3.0,0.0,0.0,1.0,0.0,1.8,6.0,8,-1,0.0,1.0,5.517,3.0,7.0,0.0,3.0,0.0,0.0,1.0,0.0,1.8,6.0
0.0,1.0,5.517,3.0,7.0,0.0,3.0,0.0,0.0,1.0,0.0,1.8,6.0,3,-1,0.0,1.0,5.517,3.0,7.0,0.0,3.0,0.0,0.0,1.0,0.0,1.8,6.0
0.0,1.0,5.517,3.0,7.0,0.0,3.0,0.0,0.0,1.0,0.0,1.8,6.0,8,-1,0.0,1.0,4.24,3.0,7.0,1.0,2.0,0.0,0.0,1.0,0.0,1.8,6.0
1.0,3.0,5.8,3.0,7.0,0.0,3.0,0.0,1.0,3.0,0.0,1.8,1.5,11,-1,1.0,3.0,6.803,3.0,7.0,1.0,3.0,0.0,0.0,3.0,0.84,1.8,0.5
1.0,3.0,6.803,3.0,7.0,1.0,3.0,0.0,0.0,3.0,0.84,1.8,0.5,11,9,0.0,3.0,7.19,3.0,7.0,0.0,3.0,0.0,1.0,3.0,0.0,1.8,4.5
1.0,3.0,5.8,3.0,7.0,0.0,3.0,0.0,0.0,3.0,0.013,1.8,0.5,8,-1,0.0,3.0,6.93,3.0,7.0,1.0,3.0,0.0,0.0,3.0,0.227,1.8,0.5
0.0,3.0,6.93,3.0,7.0,1.0,3.0,0.0,0.0,3.0,0.227,1.8,0.5,11,9,0.0,3.0,6.137,3.0,7.0,1.0,3.0,0.0,0.0,3.0,2.0,1.8,0.5
1.0,3.0,5.8,3.0,7.0,0.0,3.0,0.0,0.0,3.0,0.0,1.8,0.5,6,-1,1.0,3.0,5.807,3.0,7.0,1.0,3.0,0.0,0.0,3.0,0.0,1.8,0.5
1.0,3.0,5.807,3.0,7.0,1.0,3.0,0.0,0.0,3.0,0.0,1.8,0.5,3,-1,1.0,3.0,5.81,3.0,7.0,1.0,3.0,0.0,0.0,3.0,0.013,1.8,0.5
1.0,3.0,5.81,3.0,7.0,1.0,3.0,0.0,0.0,3.0,0.013,1.8,0.5,4,0,1.0,3.0,5.817,3.0,7.0,1.0,2.0,0.0,0.0,3.0,0.04,1.8,0.5
1.0,3.0,5.817,3.0,7.0,1.0,2.0,0.0,0.0,3.0,0.04,1.8,0.5,11,-1,1.0,3.0,6.64,3.0,7.0,1.0,2.0,0.0,1.0,2.0,0.0,1.8,17.0
1.0,3.0,6.64,3.0,7.0,1.0,2.0,0.0,1.0,2.0,0.0,1.8,17.0,11,-1,0.0,3.0,6.56,3.0,7.0,1.0,2.0,0.0,1.0,2.0,0.0,1.8,15.0
0.0,3.0,6.56,3.0,7.0,1.0,2.0,0.0,1.0,2.0,0.0,1.8,15.0,11,-1,0.0,3.0,5.73,3.0,7.0,1.0,2.0,0.0,1.0,2.0,0.0,1.8,10.5
0.0,3.0,5.73,3.0,7.0,1.0,2.0,0.0,1.0,2.0,0.0,1.8,10.5,11,-1,0.0,3.0,4.9,3.0,7.0,1.0,2.0,0.0,1.0,2.0,0.0,1.8,6.0
0.0,3.0,4.9,3.0,7.0,1.0,2.0,0.0,1.0,2.0,0.0,1.8,6.0,11,-1,0.0,3.0,4.083,3.0,7.0,1.0,2.0,0.0,1.0,2.0,0.0,1.8,3.5
0.0,3.0,4.083,3.0,7.0,1.0,2.0,0.0,1.0,2.0,0.0,1.8,3.5,11,-1,0.0,3.0,3.26,3.0,7.0,1.0,2.0,0.0,1.0,2.0,0.04,1.8,19.5
0.0,3.0,3.26,3.0,7.0,1.0,2.0,0.0,1.0,2.0,0.04,1.8,19.5,5,-1,0.0,3.0,3.253,3.0,7.0,1.0,2.0,0.0,1.0,2.0,0.0,1.8,18.5
1.0,3.0,5.807,3.0,7.0,1.0,3.0,0.0,1.0,3.0,0.0,1.8,11.0,11,-1,1.0,3.0,6.823,3.0,7.0,0.0,3.0,0.0,1.0,3.0,0.0,1.8,1.0
1.0,3.0,6.823,3.0,7.0,0.0,3.0,0.0,1.0,3.0,0.0,1.8,1.0,11,19,0.0,3.0,7.337,3.0,7.0,0.0,3.0,0.0,0.0,3.0,1.96,1.8,1.0
1.0,3.0,5.807,3.0,7.0,1.0,3.0,0.0,1.0,3.0,0.0,1.8,10.5,11,9,0.0,3.0,4.947,3.0,7.0,0.0,3.0,0.0,0.0,3.0,2.0,1.8,0.5
1.0,3.0,5.8,3.0,7.0,0.0,3.0,0.0,0.0,3.0,0.0,1.8,0.5,11,9,1.0,3.0,6.717,3.0,7.0,0.0,3.0,0.0,0.0,3.0,2.0,1.8,0.5
1.0,3.0,5.9,3.0,7.0,1.0,3.0,0.0,0.0,3.0,0.4,1.8,0.5,11,9,1.0,3.0,6.713,3.0,7.0,1.0,3.0,0.0,0.0,3.0,2.0,1.8,0.5
1.0,3.0,5.803,3.0,7.0,0.0,3.0,0.0,0.0,3.0,0.013,1.8,0.5,11,-1,1.0,3.0,6.753,3.0,7.0,0.0,3.0,0.0,1.0,3.0,0.0,1.8,1.0
1.0,3.0,6.753,3.0,7.0,0.0,3.0,0.0,1.0,3.0,0.0,1.8,1.0,10,-1,1.0,3.0,6.76,3.0,8.0,0.0,3.0,0.0,0.0,3.0,0.0,1.8,0.0
1.0,3.0,6.76,3.0,8.0,0.0,3.0,0.0,0.0,3.0,0.0,1.8,0.0,11,9,1.0,3.0,7.557,5.0,8.0,1.0,3.0,0.0,0.0,3.0,2.0,1.8,0.0
1.0,3.0,5.8,3.0,7.0,0.0,3.0,0.0,1.0,3.0,0.0,1.8,9.0,11,9,1.0,3.0,6.88,3.0,7.0,1.0,3.0,0.0,0.0,3.0,2.0,1.8,1.0
1.0,3.0,5.907,3.0,7.0,1.0,3.0,0.0,0.0,3.0,0.373,1.8,1.0,11,-1,0.0,3.0,5.417,3.0,7.0,1.0,3.0,0.0,0.0,3.0,0.573,1.8,1.0
0.0,3.0,5.417,3.0,7.0,1.0,3.0,0.0,0.0,3.0,0.573,1.8,1.0,11,9,0.0,3.0,4.937,3.0,7.0,0.0,3.0,0.0,0.0,3.0,2.0,1.8,1.0
1.0,3.0,5.803,3.0,7.0,0.0,3.0,0.0,0.0,3.0,0.0,1.8,1.0,0,-1,1.0,3.0,6.103,3.0,7.0,1.0,3.0,0.0,0.0,3.0,1.187,1.8,1.0
1.0,3.0,6.103,3.0,7.0,1.0,3.0,0.0,0.0,3.0,1.187,1.8,1.0,11,19,1.0,3.0,7.187,3.0,7.0,0.0,3.0,0.0,0.0,3.0,2.0,1.8,1.0
1.0,3.0,5.8,3.0,7.0,0.0,3.0,0.0,0.0,3.0,0.0,1.8,1.0,6,-1,1.0,3.0,5.807,3.0,7.0,1.0,3.0,0.0,0.0,3.0,0.0,1.8,1.0
1.0,3.0,5.807,3.0,7.0,1.0,3.0,0.0,0.0,3.0,0.0,1.8,1.0,11,9,0.0,3.0,7.017,3.0,7.0,0.0,1.0,0.0,0.0,3.0,0.027,1.8,1.0
1.0,3.0,5.9,3.0,7.0,1.0,3.0,0.0,0.0,3.0,0.413,1.8,1.0,3,-1,1.0,3.0,5.907,3.0,7.0,1.0,3.0,0.0,0.0,3.0,0.427,1.8,1.0
1.0,3.0,5.907,3.0,7.0,1.0,3.0,0.0,0.0,3.0,0.427,1.8,1.0,11,9,1.0,3.0,6.717,3.0,7.0,1.0,2.0,0.0,0.0,3.0,2.0,1.8,1.0
1.0,3.0,5.8,3.0,7.0,0.0,3.0,0.0,0.0,3.0,0.0,1.8,1.0,11,9,1.0,3.0,6.94,3.0,7.0,0.0,3.0,0.0,0.0,3.0,1.933,1.8,1.0
1.0,3.0,5.8,3.0,7.0,1.0,3.0,0.0,0.0,3.0,0.013,1.8,1.0,11,-1,0.0,3.0,5.59,3.0,7.0,0.0,3.0,0.0,1.0,3.0,0.0,1.8,12.0
0.0,3.0,5.59,3.0,7.0,0.0,3.0,0.0,1.0,3.0,0.0,1.8,12.0,0,-1,0.0,3.0,5.37,3.0,7.0,1.0,3.0,0.0,0.0,3.0,0.867,1.8,1.0
0.0,3.0,5.37,3.0,7.0,1.0,3.0,0.0,0.0,3.0,0.867,1.8,1.0,11,9,0.0,3.0,4.803,3.0,7.0,0.0,3.0,0.0,0.0,3.0,2.0,1.8,1.0
1.0,3.0,5.8,3.0,7.0,1.0,3.0,0.0,0.0,3.0,0.0,1.8,1.0,11,-1,1.0,3.0,6.93,3.0,7.0,0.0,3.0,0.0,1.0,3.0,0.0,1.8,7.0
1.0,3.0,6.93,3.0,7.0,0.0,3.0,0.0,1.0,3.0,0.0,1.8,7.0,9,-1,1.0,3.0,6.937,3.0,7.0,0.0,3.0,0.0,1.0,3.0,0.0,1.8,6.5
1.0,3.0,6.937,3.0,7.0,0.0,3.0,0.0,1.0,3.0,0.0,1.8,6.5,11,-1,0.0,3.0,6.263,3.0,7.0,1.0,3.0,0.0,0.0,3.0,2.0,8.0,0.5
0.0,3.0,6.263,3.0,7.0,1.0,3.0,0.0,0.0,3.0,2.0,8.0,0.5,4,0,0.0,3.0,6.26,3.0,7.0,1.0,3.0,0.0,0.0,3.0,2.0,8.0,0.5
0.0,3.0,6.26,3.0,7.0,1.0,3.0,0.0,0.0,3.0,2.0,8.0,0.5,4,0,0.0,3.0,6.257,3.0,7.0,1.0,3.0,0.0,0.0,3.0,2.0,8.0,0.5
0.0,3.0,6.257,3.0,7.0,1.0,3.0,0.0,0.0,3.0,2.0,8.0,0.5,4,0,0.0,3.0,6.253,3.0,7.0,1.0,3.0,0.0,0.0,3.0,2.0,8.0,0.5
0.0,3.0,6.253,3.0,7.0,1.0,3.0,0.0,0.0,3.0,2.0,8.0,0.5,4,0,0.0,3.0,6.247,3.0,7.0,1.0,3.0,0.0,0.0,3.0,2.0,8.0,0.5
0.0,3.0,6.247,3.0,7.0,1.0,3.0,0.0,0.0,3.0,2.0,8.0,0.5,4,0,0.0,3.0,6.243,3.0,7.0,1.0,3.0,0.0,0.0,3.0,2.0,8.0,0.5
0.0,3.0,6.243,3.0,7.0,1.0,3.0,0.0,0.0,3.0,2.0,8.0,0.5,5,-1,0.0,3.0,6.24,3.0,7.0,1.0,3.0,0.0,0.0,3.0,2.0,8.0,0.5
0.0,3.0,6.24,3.0,7.0,1.0,3.0,0.0,0.0,3.0,2.0,8.0,0.5,8,-1,0.0,3.0,4.95,3.0,7.0,1.0,3.0,0.0,0.0,1.0,2.0,8.0,0.5
1.0,3.0,5.8,3.0,7.0,1.0,3.0,0.0,0.0,3.0,0.0,1.8,0.5,11,-1,1.0,3.0,6.747,3.0,7.0,0.0,3.0,0.0,1.0,3.0,0.0,1.8,1.0
1.0,3.0,6.747,3.0,7.0,0.0,3.0,0.0,1.0,3.0,0.0,1.8,1.0,1,-1,0.0,3.0,6.267,3.0,7.0,1.0,3.0,0.0,0.0,3.0,0.173,1.8,0.5
0.0,3.0,6.267,3.0,7.0,1.0,3.0,0.0,0.0,3.0,0.173,1.8,0.5,11,9,0.0,3.0,5.463,3.0,7.0,1.0,3.0,0.0,0.0,3.0,2.0,1.8,0.5
1.0,3.0,5.8,3.0,7.0,0.0,3.0,0.0,0.0,3.0,0.0,1.8,5.5,11,9,1.0,3.0,6.927,3.0,7.0,0.0,3.0,0.0,0.0,3.0,2.0,1.8,1.0
1.0,3.0,5.903,3.0,7.0,1.0,3.0,0.0,0.0,3.0,0.413,1.8,1.0,11,-1,1.0,3.0,6.993,3.0,7.0,1.0,3.0,0.0,0.0,3.0,0.053,1.8,1.0
1.0,3.0,6.993,3.0,7.0,1.0,3.0,0.0,0.0,3.0,0.053,1.8,1.0,1,-1,0.0,3.0,6.04,3.0,7.0,1.0,3.0,0.0,0.0,3.0,0.267,1.8,1.0
0.0,3.0,6.04,3.0,7.0,1.0,3.0,0.0,0.0,3.0,0.267,1.8,1.0,11,-1,0.0,3.0,5.453,3.0,7.0,1.0,3.0,0.0,0.0,3.0,0.027,1.8,0.5
0.0,3.0,5.453,3.0,7.0,1.0,3.0,0.0,0.0,3.0,0.027,1.8,0.5,11,9,0.0,3.0,4.65,3.0,7.0,1.0,3.0,0.0,0.0,3.0,2.0,1.8,0.5
1.0,3.0,5.8,3.0,7.0,0.0,3.0,0.0,0.0,3.0,0.0,1.8,0.5,9,-1,0.0,3.0,5.647,3.0,7.0,1.0,3.0,0.0,0.0,3.0,1.613,1.8,0.5
0.0,3.0,5.647,3.0,7.0,1.0,3.0,0.0,0.0,3.0,1.613,1.8,0.5,6,-1,0.0,3.0,5.64,3.0,7.0,1.0,3.0,0.0,0.0,3.0,1.627,8.0,0.5
0.0,3.0,5.64,3.0,7.0,1.0,3.0,0.0,0.0,3.0,1.627,8.0,0.5,4,0,0.0,3.0,5.637,3.0,7.0,1.0,3.0,0.0,1.0,3.0,1.64,8.0,0.5
0.0,3.0,5.637,3.0,7.0,1.0,3.0,0.0,1.0,3.0,1.64,8.0,0.5,5,-1,0.0,3.0,5.637,3.0,7.0,0.0,1.0,0.0,1.0,2.0,1.653,8.0,0.0
0.0,3.0,5.637,3.0,7.0,0.0,1.0,0.0,1.0,2.0,1.653,8.0,0.0,11,-1,0.0,3.0,5.633,3.0,7.0,0.0,1.0,0.0,0.0,1.0,0.0,8.0,19.0
0.0,3.0,5.633,3.0,7.0,0.0,1.0,0.0,0.0,1.0,0.0,8.0,19.0,9,-1,0.0,3.0,5.633,3.0,7.0,0.0,1.0,0.0,0.0,1.0,0.0,8.0,19.0
0.0,3.0,5.633,3.0,7.0,0.0,1.0,0.0,0.0,1.0,0.0,8.0,19.0,9,-1,0.0,3.0,5.633,3.0,7.0,0.0,1.0,0.0,0.0,1.0,0.0,8.0,19.0
0.0,3.0,5.633,3.0,7.0,0.0,1.0,0.0,0.0,1.0,0.0,8.0,19.0,9,-1,0.0,3.0,5.633,3.0,7.0,0.0,1.0,0.0,0.0,1.0,0.0,8.0,19.0
0.0,3.0,5.633,3.0,7.0,0.0,1.0,0.0,0.0,1.0,0.0,8.0,19.0,8,-1,0.0,3.0,5.633,3.0,7.0,0.0,1.0,0.0,0.0,1.0,0.0,7.0,19.0
0.0,3.0,5.633,3.0,7.0,0.0,1.0,0.0,0.0,1.0,0.0,7.0,19.0,9,-1,0.0,3.0,5.633,3.0,7.0,0.0,1.0,0.0,0.0,1.0,0.0,7.0,19.0
1.0,3.0,5.8,3.0,7.0,0.0,3.0,0.0,1.0,3.0,0.0,1.8,13.0,6,-1,1.0,3.0,5.807,3.0,7.0,0.0,3.0,0.0,1.0,3.0,0.0,1.8,12.5
1.0,3.0,5.807,3.0,7.0,0.0,3.0,0.0,1.0,3.0,0.0,1.8,12.5,11,9,0.0,3.0,7.013,3.0,7.0,0.0,1.0,0.0,0.0,3.0,0.0,1.8,1.0
1.0,3.0,5.907,3.0,7.0,1.0,3.0,0.0,0.0,3.0,0.4,1.8,1.0,11,9,1.0,3.0,6.963,3.0,7.0,0.0,3.0,0.0,0.0,3.0,2.0,1.8,1.0
1.0,3.0,5.803,3.0,7.0,1.0,3.0,0.0,0.0,3.0,0.0,1.8,1.0,11,9,1.0,3.0,6.86,3.0,7.0,0.0,3.0,0.0,0.0,3.0,2.0,1.8,1.0
1.0,3.0,5.8,3.0,7.0,1.0,3.0,0.0,0.0,3.0,0.0,1.8,1.0,11,9,1.0,3.0,6.85,3.0,7.0,0.0,3.0,0.0,0.0,3.0,2.0,1.8,1.0
1.0,3.0,5.9,3.0,7.0,1.0,3.0,0.0,0.0,3.0,0.4,1.8,1.0,11,-1,0.0,3.0,5.58,3.0,7.0,0.0,3.0,0.0,0.0,3.0,0.0,1.8,0.0
0.0,3.0,5.58,3.0,7.0,0.0,3.0,0.0,0.0,3.0,0.0,1.8,0.0,11,9,0.0,3.0,4.847,3.0,7.0,1.0,3.0,0.0,0.0,3.0,2.0,1.8,0.0
1.0,3.0,5.807,3.0,7.0,1.0,3.0,0.0,1.0,3.0,0.0,1.8,10.0,11,9,1.0,3.0,6.667,3.0,7.0,1.0,3.0,0.0,0.0,3.0,2.0,1.8,0.5
1.0,3.0,5.923,3.0,7.0,1.0,3.0,0.0,0.0,3.0,0.387,1.8,0.5,2,-1,1.0,3.0,5.927,3.0,7.0,1.0,3.0,0.0,0.0,3.0,0.387,1.8,0.5
1.0,3.0,5.927,3.0,7.0,1.0,3.0,0.0,0.0,3.0,0.387,1.8,0.5,11,9,1.0,2.0,6.717,3.0,7.0,1.0,3.0,0.0,0.0,3.0,2.0,1.8,0.5
1.0,3.0,5.8,3.0,7.0,0.0,3.0,0.0,0.0,3.0,0.0,1.8,0.5,11,9,1.0,3.0,6.603,3.0,7.0,1.0,3.0,0.0,0.0,3.0,2.0,1.8,0.5
1.0,3.0,5.8,3.0,7.0,1.0,3.0,0.0,0.0,3.0,0.0,1.8,0.5,11,9,1.0,3.0,6.603,3.0,7.0,1.0,3.0,0.0,0.0,3.0,2.0,1.8,0.5
1.0,3.0,5.913,3.0,7.0,1.0,3.0,0.0,0.0,3.0,0.387,1.8,0.5,11,-1,0.0,3.0,5.327,3.0,7.0,1.0,3.0,0.0,0.0,3.0,0.96,1.8,0.5
0.0,3.0,5.327,3.0,7.0,1.0,3.0,0.0,0.0,3.0,0.96,1.8,0.5,11,-1,0.0,3.0,4.563,3.0,7.0,0.0,3.0,0.0,1.0,3.0,0.0,1.8,16.5
0.0,3.0,4.563,3.0,7.0,0.0,3.0,0.0,1.0,3.0,0.0,1.8,16.5,11,-1,0.0,3.0,4.557,3.0,7.0,1.0,3.0,0.0,0.0,3.0,0.013,1.8,0.5
0.0,3.0,4.557,3.0,7.0,1.0,3.0,0.0,0.0,3.0,0.013,1.8,0.5,4,0,0.0,3.0,4.553,3.0,7.0,1.0,3.0,0.0,0.0,3.0,0.027,1.8,0.5
0.0,3.0,4.553,3.0,7.0,1.0,3.0,0.0,0.0,3.0,0.027,1.8,0.5,11,-1,0.0,3.0,4.533,3.0,7.0,0.0,3.0,0.0,1.0,2.0,0.0,1.8,0.0
0.0,3.0,4.533,3.0,7.0,0.0,3.0,0.0,1.0,2.0,0.0,1.8,0.0,1,-1,0.0,3.0,4.47,3.0,7.0,0.0,3.0,0.0,1.0,2.0,0.0,1.8,7.0
0.0,3.0,4.47,3.0,7.0,0.0,3.0,0.0,1.0,2.0,0.0,1.8,7.0,0,-1,0.0,3.0,4.457,3.0,7.0,0.0,3.0,0.0,1.0,2.0,0.0,1.8,2.0
0.0,3.0,4.457,3.0,7.0,0.0,3.0,0.0,1.0,2.0,0.0,1.8,2.0,3,-1,0.0,3.0,4.457,3.0,7.0,0.0,3.0,0.0,1.0,2.0,0.0,1.8,1.0
0.0,3.0,4.457,3.0,7.0,0.0,3.0,0.0,1.0,2.0,0.0,1.8,1.0,11,-1,0.0,3.0,3.633,3.0,7.0,1.0,2.0,0.0,1.0,2.0,0.0,1.8,17.5
0.0,3.0,3.633,3.0,7.0,1.0,2.0,0.0,1.0,2.0,0.0,1.8,17.5,0,-1,0.0,3.0,3.337,3.0,7.0,1.0,2.0,0.0,1.0,2.0,0.0,1.8,13.0
1.0,3.0,5.807,3.0,7.0,0.0,3.0,0.0,0.0,3.0,0.0,1.8,14.0,8,-1,0.0,3.0,6.797,3.0,7.0,0.0,3.0,0.0,1.0,3.0,0.0,1.8,5.5
0.0,3.0,6.797,3.0,7.0,0.0,3.0,0.0,1.0,3.0,0.0,1.8,5.5,11,-1,0.0,3.0,6.7,3.0,7.0,1.0,3.0,0.0,0.0,3.0,0.387,1.8,1.0
0.0,3.0,6.7,3.0,7.0,1.0,3.0,0.0,0.0,3.0,0.387,1.8,1.0,11,9,0.0,3.0,6.133,3.0,7.0,0.0,3.0,0.0,0.0,3.0,2.0,1.8,1.0
1.0,3.0,5.8,3.0,7.0,1.0,3.0,0.0,0.0,3.0,0.0,1.8,8.5,11,9,1.0,3.0,6.8,3.0,7.0,0.0,3.0,0.0,0.0,3.0,2.0,1.8,0.5
1.0,3.0,5.907,3.0,7.0,1.0,3.0,0.0,0.0,3.0,0.387,1.8,0.5,11,9,1.0,3.0,6.707,3.0,7.0,1.0,3.0,0.0,0.0,3.0,2.0,1.8,0.5
1.0,3.0,5.8,3.0,7.0,1.0,3.0,0.0,0.0,3.0,0.0,1.8,0.5,11,9,1.0,3.0,6.62,3.0,7.0,1.0,3.0,0.0,0.0,3.0,2.0,1.8,0.5
1.0,3.0,5.803,3.0,7.0,0.0,3.0,0.0,0.0,3.0,0.013,1.8,0.5,8,-1,0.0,3.0,4.653,3.0,7.0,0.0,3.0,0.0,1.0,3.0,0.0,1.8,17.5
0.0,3.0,4.653,3.0,7.0,0.0,3.0,0.0,1.0,3.0,0.0,1.8,17.5,0,-1,0.0,3.0,4.473,3.0,7.0,1.0,3.0,0.0,0.0,3.0,0.72,1.8,0.5
0.0,3.0,4.473,3.0,7.0,1.0,3.0,0.0,0.0,3.0,0.72,1.8,0.5,2,-1,0.0,3.0,4.467,3.0,7.0,1.0,3.0,0.0,0.0,3.0,0.733,1.8,0.5
0.0,3.0,4.467,3.0,7.0,1.0,3.0,0.0,0.0,3.0,0.733,1.8,0.5,11,-1,1.0,2.0,5.39,3.0,7.0,0.0,3.0,0.0,1.0,3.0,0.0,1.8,2.0
1.0,2.0,5.39,3.0,7.0,0.0,3.0,0.0,1.0,3.0,0.0,1.8,2.0,11,9,1.0,2.0,6.213,3.0,7.0,1.0,3.0,0.0,0.0,3.0,2.0,1.8,0.5
1.0,3.0,5.8,3.0,7.0,1.0,3.0,0.0,0.0,3.0,0.0,1.8,0.5,3,-1,1.0,3.0,5.81,3.0,7.0,1.0,3.0,0.0,0.0,3.0,0.013,1.8,0.5
1.0,3.0,5.81,3.0,7.0,1.0,3.0,0.0,0.0,3.0,0.013,1.8,0.5,4,0,1.0,3.0,5.813,3.0,7.0,1.0,2.0,0.0,0.0,3.0,0.027,1.8,0.5
1.0,3.0,5.813,3.0,7.0,1.0,2.0,0.0,0.0,3.0,0.027,1.8,0.5,10,-1,1.0,3.0,5.817,3.0,7.0,1.0,2.0,0.0,1.0,3.0,0.04,1.8,0.5
1.0,3.0,5.817,3.0,7.0,1.0,2.0,0.0,1.0,3.0,0.04,1.8,0.5,11,9,0.0,3.0,5.017,1.0,5.0,1.0,2.0,0.0,1.0,2.0,0.0,1.8,19.0
1.0,3.0,5.967,3.0,7.0,1.0,3.0,0.0,0.0,3.0,0.093,1.8,1.0,11,19,0.0,3.0,7.007,3.0,7.0,0.0,3.0,0.0,0.0,3.0,2.0,1.8,1.0
1.0,3.0,5.8,3.0,7.0,0.0,3.0,0.0,0.0,3.0,0.0,1.8,1.0,11,-1,1.0,3.0,6.99,3.0,7.0,0.0,3.0,0.0,0.0,3.0,1.68,1.8,1.0
1.0,3.0,6.99,3.0,7.0,0.0,3.0,0.0,0.0,3.0,1.68,1.8,1.0,7,-1,1.0,3.0,6.997,3.0,7.0,0.0,3.0,0.0,0.0,3.0,1.68,1.8,1.0
1.0,3.0,6.997,3.0,7.0,0.0,3.0,0.0,0.0,3.0,1.68,1.8,1.0,11,-1,0.0,1.0,6.73,3.0,7.0,1.0,3.0,0.0,0.0,3.0,1.053,1.8,0.0
0.0,1.0,6.73,3.0,7.0,1.0,3.0,0.0,0.0,3.0,1.053,1.8,0.0,0,-1,0.0,1.0,6.527,3.0,7.0,0.0,3.0,0.0,1.0,3.0,0.0,1.8,7.5
0.0,1.0,6.527,3.0,7.0,0.0,3.0,0.0,1.0,3.0,0.0,1.8,7.5,0,-1,0.0,1.0,6.287,3.0,7.0,1.0,3.0,0.0,0.0,3.0,0.96,1.8,1.0
0.0,1.0,6.287,3.0,7.0,1.0,3.0,0.0,0.0,3.0,0.96,1.8,1.0,11,9,0.0,1.0,5.71,3.0,7.0,0.0,3.0,0.0,0.0,3.0,2.0,1.8,1.0
1.0,3.0,5.807,3.0,7.0,0.0,3.0,0.0,0.0,3.0,0.0,1.8,10.0,11,9,1.0,3.0,6.79,3.0,7.0,0.0,3.0,0.0,0.0,3.0,2.0,1.8,0.5
1.0,3.0,5.907,3.0,7.0,1.0,3.0,0.0,0.0,3.0,0.387,1.8,0.5,11,9,0.0,3.0,4.903,3.0,7.0,1.0,3.0,0.0,0.0,3.0,2.0,1.8,0.5
1.0,3.0,5.803,3.0,7.0,0.0,3.0,0.0,0.0,3.0,0.0,1.8,11.5,0,-1,1.0,3.0,6.177,3.0,7.0,1.0,3.0,0.0,0.0,3.0,0.893,1.8,0.0
1.0,3.0,6.177,3.0,7.0,1.0,3.0,0.0,0.0,3.0,0.893,1.8,0.0,1,-1,0.0,3.0,6.507,3.0,7.0,1.0,3.0,0.0,0.0,3.0,0.907,1.8,0.5
0.0,3.0,6.507,3.0,7.0,1.0,3.0,0.0,0.0,3.0,0.907,1.8,0.5,8,-1,0.0,3.0,5.537,3.0,7.0,1.0,3.0,0.0,0.0,3.0,1.013,1.8,0.5
0.0,3.0,5.537,3.0,7.0,1.0,3.0,0.0,0.0,3.0,1.013,1.8,0.5,2,-1,0.0,3.0,5.53,3.0,7.0,1.0,3.0,0.0,0.0,3.0,1.04,1.8,0.5
0.0,3.0,5.53,3.0,7.0,1.0,3.0,0.0,0.0,3.0,1.04,1.8,0.5,11,-1,1.0,2.0,6.437,3.0,7.0,0.0,3.0,0.0,1.0,3.0,0.0,1.8,1.0
1.0,2.0,6.437,3.0,7.0,0.0,3.0,0.0,1.0,3.0,0.0,1.8,1.0,11,19,1.0,2.0,7.257,3.0,7.0,1.0,3.0,0.0,0.0,3.0,2.0,1.8,0.5
1.0,3.0,5.8,3.0,7.0,0.0,3.0,0.0,0.0,3.0,0.0,1.8,0.5,3,-1,1.0,3.0,5.813,3.0,7.0,0.0,3.0,0.0,0.0,3.0,0.0,1.8,0.5
1.0,3.0,5.813,3.0,7.0,0.0,3.0,0.0,0.0,3.0,0.0,1.8,0.5,6,-1,1.0,3.0,5.82,3.0,7.0,1.0,2.0,0.0,0.0,3.0,0.0,1.8,0.5
1.0,3.0,5.82,3.0,7.0,1.0,2.0,0.0,0.0,3.0,0.0,1.8,0.5,11,9,0.0,3.0,7.017,3.0,7.0,0.0,1.0,0.0,0.0,3.0,0.027,1.8,0.5
1.0,3.0,5.91,3.0,7.0,1.0,3.0,0.0,0.0,3.0,0.387,1.8,0.5,10,-1,1.0,3.0,5.913,3.0,7.0,1.0,3.0,0.0,0.0,3.0,0.4,1.8,0.5
1.0,3.0,5.913,3.0,7.0,1.0,3.0,0.0,0.0,3.0,0.4,1.8,0.5,2,-1,1.0,3.0,5.917,0.0,8.0,1.0,3.0,0.0,0.0,3.0,0.427,1.8,0.5
1.0,3.0,5.917,0.0,8.0,1.0,3.0,0.0,0.0,3.0,0.427,1.8,0.5,11,9,1.0,2.0,6.71,0.0,8.0,1.0,3.0,0.0,0.0,3.0,2.0,1.8,0.5
1.0,3.0,5.807,3.0,7.0,0.0,3.0,0.0,0.0,3.0,0.0,1.8,0.5,11,9,1.0,3.0,6.613,3.0,7.0,1.0,3.0,0.0,0.0,3.0,2.0,1.8,0.5
1.0,3.0,5.8,3.0,7.0,0.0,3.0,0.0,0.0,3.0,0.013,1.8,0.5,10,-1,0.0,3.0,5.647,3.0,7.0,1.0,3.0,0.0,0.0,3.0,1.667,1.8,1.0
0.0,3.0,5.647,3.0,7.0,1.0,3.0,0.0,0.0,3.0,1.667,1.8,1.0,11,9,0.0,3.0,5.597,0.0,5.0,0.0,3.0,0.0,1.0,3.0,0.0,1.8,13.0
1.0,3.0,5.8,3.0,7.0,0.0,3.0,0.0,0.0,3.0,0.013,1.8,1.0,11,9,1.0,3.0,6.807,3.0,7.0,0.0,3.0,0.0,0.0,3.0,2.0,1.8,1.0
1.0,3.0,5.9,3.0,7.0,1.0,3.0,0.0,0.0,3.0,0.387,1.8,1.0,11,-1,1.0,3.0,6.967,3.0,7.0,0.0,3.0,0.0,1.0,3.0,0.0,1.8,1.0
1.0,3.0,6.967,3.0,7.0,0.0,3.0,0.0,1.0,3.0,0.0,1.8,1.0,11,9,0.0,3.0,6.583,3.0,7.0,0.0,3.0,0.0,0.0,3.0,1.827,1.8,1.0
1.0,3.0,5.8,3.0,7.0,0.0,3.0,0.0,0.0,3.0,0.0,1.8,1.0,0,-1,1.0,3.0,6.097,3.0,7.0,1.0,3.0,0.0,0.0,3.0,1.16,1.8,1.0
1.0,3.0,6.097,3.0,7.0,1.0,3.0,0.0,0.0,3.0,1.16,1.8,1.0,11,19,1.0,3.0,7.153,3.0,7.0,0.0,3.0,0.0,0.0,3.0,2.0,1.8,1.0
1.0,3.0,5.8,3.0,7.0,0.0,3.0,0.0,0.0,3.0,0.013,1.8,1.0,10,-1,1.0,3.0,5.813,4.0,6.0,1.0,3.0,0.0,0.0,3.0,0.013,1.8,1.0
1.0,3.0,5.813,4.0,6.0,1.0,3.0,0.0,0.0,3.0,0.013,1.8,1.0,10,-1,1.0,3.0,5.823,4.0,6.0,1.0,3.0,0.0,0.0,3.0,0.027,1.8,1.0
1.0,3.0,5.823,4.0,6.0,1.0,3.0,0.0,0.0,3.0,0.027,1.8,1.0,11,9,1.0,3.0,6.87,0.0,8.0,0.0,3.0,0.0,0.0,3.0,2.0,1.8,1.0
1.0,3.0,5.91,3.0,7.0,1.0,3.0,0.0,0.0,3.0,0.4,1.8,1.0,11,-1,0.0,3.0,5.467,3.0,7.0,1.0,3.0,0.0,0.0,3.0,0.467,1.8,1.0
0.0,3.0,5.467,3.0,7.0,1.0,3.0,0.0,0.0,3.0,0.467,1.8,1.0,11,-1,0.0,3.0,4.86,3.0,7.0,0.0,3.0,0.0,1.0,3.0,0.0,1.8,3.5
0.0,3.0,4.86,3.0,7.0,0.0,3.0,0.0,1.0,3.0,0.0,1.8,3.5,8,-1,0.0,3.0,3.9,3.0,7.0,1.0,3.0,0.0,0.0,3.0,0.12,1.8,1.0
0.0,3.0,3.9,3.0,7.0,1.0,3.0,0.0,0.0,3.0,0.12,1.8,1.0,11,9,0.0,3.0,3.38,3.0,7.0,0.0,3.0,0.0,0.0,3.0,2.0,1.8,1.0
1.0,3.0,5.8,3.0,7.0,0.0,3.0,0.0,0.0,3.0,0.013,1.8,1.0,1,-1,0.0,3.0,6.923,3.0,7.0,1.0,3.0,0.0,0.0,3.0,0.2,1.8,1.0
